Date,SPY,XLF
2016-01-05,0.16895307023361283,0.3843283888555149
2016-01-06,-1.269407770827513,-1.5463855674478832
2016-01-07,-2.4284346463275597,-2.8541908494881696
2016-01-08,-1.1037232521315055,-1.571290280358184
2016-01-11,0.09896312358534942,0.1356571466470502
2016-01-12,0.8036092171456843,0.7652585010314628
2016-01-13,-2.5256882762476174,-2.635364817843744
2016-01-14,1.6283551811548058,0.8710173712178637
2016-01-15,-2.169989022958063,-2.26180805305658
2016-01-19,0.13299351588909047,-0.04672590034444646
2016-01-20,-1.2898064035787193,-1.9811744967990208
2016-01-21,0.5586722368778219,-0.42970569101061784
2016-01-22,2.0307669066406575,1.801835732242374
2016-01-25,-1.5231956935193303,-2.041386393122835
2016-01-26,1.3550813521320926,1.6647330718709608
2016-01-27,-1.094279261632547,-0.37809082562381136
2016-01-28,0.5195629298938798,0.04739426677313752
2016-01-29,2.40848914177052,2.7539109178529753
2016-02-01,-0.03612708047286972,-0.4151876202845184
2016-02-02,-1.8187000818551624,-2.8131457915700153
2016-02-03,0.5977336243764952,0.09507013362495265
2016-02-04,0.15669042765038554,0.8514476630547385
2016-02-05,-1.9233853767360642,-1.3276368954466378
2016-02-08,-1.355251741693042,-2.5623960169930626
2016-02-09,0.00537422678679178,-0.14702565564923553
2016-02-10,-0.08628539591404305,-0.5409347180260315
2016-02-11,-1.3093176398839113,-3.1048997044962334
2016-02-12,2.040685923878627,4.135097813636701
2016-02-16,1.6737465054099232,1.5976857112725007
2016-02-17,1.6202887266315358,1.3359188796811416
2016-02-18,-0.410436501860012,-0.5703750098950966
2016-02-19,-0.04685113729312462,0.0
2016-02-22,1.4375200431260282,1.5607077226380106
2016-02-23,-1.2709804871514407,-1.799262414143099
2016-02-24,0.4564630336576059,-0.239200026521047
2016-02-25,1.2039265171418734,1.3793226070987874
2016-02-26,-0.2303338130486665,0.7060782781063146
2016-02-29,-0.7874071061076293,-1.084685649849515
2016-03-01,2.3234880847843087,3.3111253177409594
2016-03-02,0.4482414512157362,1.0948833655707535
2016-03-03,0.391197865511117,0.6782561546149424
2016-03-04,0.3248437562016093,0.40477560943665836
2016-03-07,0.07981560274412658,-0.04490275336466176
2016-03-08,-1.097785689719366,-1.6296996290194432
2016-03-09,0.4927162172877253,0.13678088600910243
2016-03-10,0.08019958277341033,-0.09114701075429998
2016-03-11,1.6008347387566069,2.567083625822386
2016-03-14,-0.12825763042769722,-0.3117113085627121
2016-03-15,-0.16315217185454145,-0.04464132759398609
2016-03-16,0.5770811363622563,-0.22332168492384952
2016-03-17,0.6324105583775719,1.2002598942324916
2016-03-18,0.3921609390763692,0.8837878307572211
2016-03-21,0.14181110556972243,-0.17612756828815357
2016-03-22,-0.053771290043158615,-0.30897479158937813
2016-03-23,-0.6621205981196532,-0.7543992894089246
2016-03-24,-0.04432475673841196,-0.625569723988928
2016-03-28,0.05908352818142504,0.3132866807413315
2016-03-29,0.9207279801999313,0.17856504499231818
2016-03-30,0.4378442377126035,0.5781723299622676
2016-03-31,-0.24297804187538574,-0.22198338655066152
2016-04-01,0.6788614793780567,0.8849734706132928
2016-04-04,-0.32430695300194046,-0.4857637504069423
2016-04-05,-1.0038168518831547,-1.426715728732475
2016-04-06,1.086195137713375,0.5374010593163892
2016-04-07,-1.2038292571072695,-1.8936310592339467
2016-04-08,0.2693173192645837,0.3634456361099492
2016-04-11,-0.2349967391793939,0.4073467585911317
2016-04-12,0.9269932953328563,1.256754670330995
2016-04-13,1.0050275672212727,2.2492403570665065
2016-04-14,0.004800781803027121,0.21780670678706038
2016-04-15,-0.1106232790131223,-0.34872375023575763
2016-04-18,0.7001927773661265,0.7396358498719113
2016-04-19,0.3149399442977874,1.2492639526161309
2016-04-20,0.09519759221037205,0.7675664983339381
2016-04-21,-0.5392571717520944,-0.896120564891989
2016-04-22,0.0,0.938587886205644
2016-04-25,-0.17241065454127735,-0.2125352513622225
2016-04-26,0.14849754274441906,0.6362314615048881
2016-04-27,0.2055845167622472,0.16897830170852224
2016-04-28,-0.9117102036416469,-1.0608823696492742
2016-04-29,-0.5413332443154673,-0.556152380941688
2016-05-02,0.7917003977621739,0.8968620109352621
2016-05-03,-0.8741494778501391,-1.2837231967394835
2016-05-04,-0.5593677424370114,-0.7781983779487689
2016-05-05,-0.019520614768619993,-0.04337683967223782
2016-05-06,0.3652479745448467,0.4332972649563338
2016-05-09,0.08264278647187595,-0.2597983950550553
2016-05-10,1.2356855884882556,1.4203139174176371
2016-05-11,-0.9398838469165227,-1.0741371547501544
2016-05-12,0.02905388829681499,0.043164275759721704
2016-05-13,-0.8752220112667075,-1.2163357993143276
2016-05-16,0.981677878161058,0.5231292970854895
2016-05-17,-0.9377694407963766,-0.5668466702278607
2016-05-18,0.029322938817433197,1.7339204314717804
2016-05-19,-0.3471314769756262,-0.9498863349162612
2016-05-20,0.6297683117870712,0.691719963424342
2016-05-23,-0.1363785318970301,-0.08622819257766423
2016-05-24,1.287909949675825,1.4980167175773662
2016-05-25,0.6760273991457844,1.0564169335612217
2016-05-26,0.028659424723453952,-0.5902534021049011
2016-05-27,0.42901970021311797,0.6742542645356675
2016-05-31,-0.19046154060164966,-0.25232183153618415
2016-06-01,0.20475246986224604,0.21033616704384528
2016-06-02,0.3038710344056561,0.20987094615416702
2016-06-03,-0.2991391624283857,-1.4358314170178854
2016-06-06,0.507544833820095,0.5936918708203898
2016-06-07,0.15601759793142378,-0.2116057163323859
2016-06-08,0.32545645088051245,0.08470081996603263
2016-06-09,-0.13666586634082378,-0.7223205263906962
2016-06-10,-0.9522823545573544,-1.2444275212221356
2016-06-13,-0.7741476459400154,-0.6932065022288381
2016-06-14,-0.19688987047121742,-1.489248082214889
2016-06-15,-0.139495056127803,0.13224646178038313
2016-06-16,0.2980016034143773,0.26410626539443705
2016-06-17,-0.3731124798044938,-0.08397515568381309
2016-06-20,0.6419338722153611,0.5732830047114668
2016-06-21,0.28344556357149386,0.5700336619022917
2016-06-22,-0.16323074664237325,-0.08751943989504518
2016-06-23,1.2938353267167635,2.0789235037517617
2016-06-24,-3.656956434203007,-5.506768185318833
2016-06-27,-1.8072321992546492,-2.894739341408492
2016-06-28,1.7875467245436205,2.531725997916645
2016-06-29,1.6884028747595536,2.2473188592929905
2016-06-30,1.355321546833821,1.5873084602786136
2016-07-01,0.20983194438137787,-0.526283516519932
2016-07-05,-0.7218951517213412,-1.5064514316458943
2016-07-06,0.5979424398926625,0.2674851326359473
2016-07-07,-0.06199138303513152,0.13349664584620946
2016-07-08,1.47808681124868,1.8939366803885527
2016-07-11,0.35207009857112226,0.5655572280790278
2016-07-12,0.7236871494042063,1.2502703580059116
2016-07-13,-0.013924061020187395,0.0
2016-07-14,0.5567454094024704,0.9381745493268312
2016-07-15,-0.13426001689751388,-0.16989879054292167
2016-07-18,0.2683812990150969,0.33953327478619677
2016-07-19,-0.10171047179960979,0.042348790598678576
2016-07-20,0.41543284441560857,0.16927557224226675
2016-07-21,-0.3784224798930147,-0.5086468966519764
2016-07-22,0.4474842106916732,0.635436604494366
2016-07-25,-0.27196457555991316,-0.2113857187245216
2016-07-26,0.0461729288246282,0.08459601088213198
2016-07-27,-0.10618011432823593,-0.042259285094292665
2016-07-28,0.11543686981889678,0.21126068406203125
2016-07-29,0.16127451016085814,-0.16900139896773858
2016-08-01,-0.08289433661934353,-0.25399109523869257
2016-08-02,-0.6428174565661138,-0.8514269195693647
2016-08-03,0.29185757209688745,1.0208220039259253
2016-08-04,0.10633049875767853,-0.2541943806678937
2016-08-05,0.8145342136648637,1.8911912766871986
2016-08-08,-0.059586263074962176,0.12482613410540466
2016-08-09,0.059586263074962176,0.08310754819138566
2016-08-10,-0.24777728426057521,-0.792489400867602
2016-08-11,0.46300434468253826,0.20915145612057096
2016-08-12,-0.086943080816404,-0.29295591674491916
2016-08-15,0.2879673063916677,0.6683601791951599
2016-08-16,-0.5171034497840843,-0.2500854373752137
2016-08-17,0.1879149837644256,0.33328503537415344
2016-08-18,0.2241593302018785,-0.08319959799893972
2016-08-19,-0.1463123075217787,-0.041643361094356734
2016-08-22,-0.004578521355913523,0.0
2016-08-23,0.20113449866929756,0.12484295909329646
2016-08-24,-0.5128191405401772,-0.04156185478176866
2016-08-25,-0.06888470314141415,0.20784721132121042
2016-08-26,-0.18850210448100313,0.12449193795016633
2016-08-29,0.4912208611012936,0.8672466508769183
2016-08-30,-0.16502135669487217,0.9005393884343071
2016-08-31,-0.2847570652517284,0.08149464325031275
2016-09-01,0.004578085265549703,-0.4080353864124753
2016-09-02,0.4497824237488679,0.44867760274973634
2016-09-06,0.3018076422698357,-0.16286318880389672
2016-09-07,-0.00914492392301014,-0.040777369676225916
2016-09-08,-0.2285845961411681,-0.08165062442850868
2016-09-09,-2.4225515809452425,-1.895409010479776
2016-09-12,1.424531604088397,1.1168943824969357
2016-09-13,-1.4479826329558243,-1.7846496990666871
2016-09-14,-0.037554883391255345,-0.2515889125460191
2016-09-15,0.9943500345700684,0.5860591937416171
2016-09-16,-0.38731731126224744,-0.952282955961925
2016-09-19,0.01876969214258395,0.6355907124762084
2016-09-20,0.004673130553989324,0.05174816332016441
2016-09-21,1.1182563299891868,0.6192377526962556
2016-09-22,0.6281914646436348,0.20556727774194705
2016-09-23,-0.5494256611985548,-0.514700962851089
2016-09-26,-0.8135377277977085,-1.6125131109871127
2016-09-27,0.6188653633901531,0.783517067759254
2016-09-28,0.49514279786553317,0.46714381232058066
2016-09-29,-0.9088368642342637,-1.408089328939477
2016-09-30,0.7517821025173177,1.3563025788225769
2016-10-03,-0.24070860164178143,-0.46742190833763964
2016-10-04,-0.5110735008755363,0.41558472500553556
2016-10-05,0.441506417367421,1.5942394460342957
2016-10-06,0.06956708350811525,0.15302097502125633
2016-10-07,-0.3435171147400773,-0.05098871353066414
2016-10-10,0.5194891837425608,0.5083862208519196
2016-10-11,-1.271036689770888,-0.9170016005293657
2016-10-12,0.13112730935960215,-0.10236861903836214
2016-10-13,-0.32811202216072033,-0.9781471099611583
2016-10-14,0.05164742032075509,0.4645738124310572
2016-10-17,-0.3478121087992392,-0.4645738124310572
2016-10-18,0.6242767106392044,0.824344868772453
2016-10-19,0.2663776926099537,0.8684579278716242
2016-10-20,-0.18682622661394532,0.0
2016-10-21,0.04670190335307467,-0.05088773377286415
2016-10-24,0.42438509294502325,0.3048924962161692
2016-10-25,-0.33560361182374265,-0.1015429929633882
2016-10-26,-0.20095261677361975,0.6076021398090159
2016-10-27,-0.26707651795749854,0.2520724427075738
2016-10-28,-0.29600052046427905,-0.4542119180239279
2016-10-31,0.0046838963803530476,-0.15186743949082704
2016-11-01,-0.7271438199296654,-0.4060569944817516
2016-11-02,-0.6036881147703177,-0.6634524503404737
2016-11-03,-0.4587353790449278,0.10235117338046607
2016-11-04,-0.11023541388581748,-0.30735665091161657
2016-11-07,2.1817118688390202,2.483033826392589
2016-11-08,0.44938483993508527,0.05000189746908745
2016-11-09,1.0546081687357045,4.1642303983215
2016-11-10,0.2492786397447766,3.6282174614003626
2016-11-11,-0.23077823546806542,0.2772248238126718
2016-11-14,0.0785228934815585,2.416359895574649
2016-11-15,0.7772466535436173,-0.09011779779752871
2016-11-16,-0.18801778892321153,-1.4532590158481185
2016-11-17,0.5127749742143806,1.3630393885575298
2016-11-18,-0.2240216855832422,0.0
2016-11-21,0.7523191488268743,0.36035021964990754
2016-11-22,0.19513155220787226,0.04499353389797456
2016-11-23,0.05436213995837491,0.5825217397644078
2016-11-25,0.370866348811294,0.13394444132415195
2016-11-28,-0.47058107851807307,-1.1669759817570124
2016-11-29,0.19484783667085281,0.2705473081873411
2016-11-30,-0.2402129375893125,1.3416929730414306
2016-12-01,-0.36821372080639847,1.7177254935015984
2016-12-02,0.0500885585558386,-1.0977037566044956
2016-12-05,0.5990656544677897,1.1849993351616739
2016-12-06,0.3162361005452752,0.8688096286681102
2016-12-07,1.2996021756610965,1.5451086007357784
2016-12-08,0.24457230064509616,0.9326165588963597
2016-12-09,0.6022144673445418,0.2107324622489859
2016-12-12,-0.11482562288955833,-0.9731121590623282
2016-12-13,0.6651628964895018,0.25475039002431643
2016-12-14,-0.8288180434163017,-0.46759421304587434
2016-12-15,0.410866727849335,0.8485359330633546
2016-12-16,-0.1957978171859054,-0.8652384701322013
2016-12-19,0.2175068460640972,0.04279830363702608
2016-12-20,0.38501755705206975,1.2332781019937844
2016-12-21,-0.27867224607742713,-0.25391014728453065
2016-12-22,-0.17286664595514978,-0.2545757446662744
2016-12-23,0.14631049406101937,0.16976672963671113
2016-12-27,0.24778927241548843,0.1271241812800028
2016-12-28,-0.8298780033440423,-1.0216831209596933
2016-12-29,-0.02228313444945229,-0.7301033584774075
2016-12-30,-0.3661884375945057,0.21529132246400629
2017-01-03,0.7621175260237756,1.1120825659136635
2017-01-04,0.5931772442647976,0.804933101941252
2017-01-05,-0.07950606934450377,-1.0178602522620483
2017-01-06,0.357160004152135,0.3404488304635134
2017-01-09,-0.3306379499096401,-0.6820315995423432
2017-01-10,0.0,0.21362592465381525
2017-01-11,0.2822056857620936,0.638172404525239
2017-01-12,-0.25132158804108684,-0.8517983291790543
2017-01-13,0.2292722760238064,0.5545099193996261
2017-01-17,-0.35293624044809846,-2.4108088071663314
2017-01-18,0.22075641179766237,0.8245229315133606
2017-01-19,-0.37116088661903746,-0.43313982607284807
2017-01-20,0.36674148923623306,0.4763155637416361
2017-01-23,-0.2605671557851963,-0.6500646739730165
2017-01-24,0.6391467590469269,1.2530136077282261
2017-01-25,0.8618401855540192,1.660643287975594
2017-01-26,-0.10459945029186457,0.25307258078326456
2017-01-27,-0.15712776241061377,-0.37984944857845093
2017-01-30,-0.6220827724256139,-0.8066323662722308
2017-01-31,-0.008807913395525446,-0.6414181086614512
2017-02-01,0.03955962286212866,0.12862482809925524
2017-02-02,0.06585915127770292,-0.3863621350306712
2017-02-03,0.686946041673675,2.001357214141075
2017-02-06,-0.17895831350873692,-0.4648620571679807
2017-02-07,0.0043771221956312445,-0.2544294179536166
2017-02-08,0.13095482194982466,-0.6817216952781369
2017-02-09,0.5915254876719622,1.3588178392182737
2017-02-10,0.3938301543044531,0.29484164327895357
2017-02-13,0.5427775230566922,1.1290093680021762
2017-02-14,0.3987420019608834,1.1574769034876198
2017-02-15,0.5206964822708215,0.777909655907294
2017-02-16,-0.08516782850955806,-0.2450030378579715
2017-02-17,0.15749146703294414,0.04091104516792399
2017-02-21,0.5937241260438597,0.4891707253951605
2017-02-22,-0.08882074234115578,0.0813454251349377
2017-02-23,0.06770679665111246,0.0
2017-02-24,0.12680348823108645,-0.775081206103545
2017-02-27,0.15616363614316953,0.5309476800750446
2017-02-28,-0.2702758005960426,-0.040750007487933004
2017-03-01,1.3900255281988905,2.812573770317295
2017-03-02,-0.6317160299172286,-1.5572279711190795
2017-03-03,0.06294601254595023,0.48168125526451
2017-03-06,-0.2982634430669151,-0.7637730108658758
2017-03-07,-0.2991035162298594,-0.2828714241491781
2017-03-08,-0.18583171247694708,0.04043303560576916
2017-03-09,0.12672427187156998,0.36341926030414307
2017-03-10,0.34980925933050244,-0.08066202502470254
2017-03-13,0.050459053564377854,0.2417729088653342
2017-03-14,-0.3833992881483006,-0.2820917556013658
2017-03-15,0.8616426021192503,-0.16154805540167239
2017-03-16,-0.19688918002760403,0.16154805540167239
2017-03-17,-0.17577581773728923,-0.9849078692137692
2017-03-20,-0.10975501431866874,-0.8213307779369128
2017-03-21,-1.292251588178761,-2.8442388547901043
2017-03-22,0.2350019879185261,-0.21234953912707688
2017-03-23,-0.10673559037455149,0.21234953912707688
2017-03-24,-0.07266760248585413,-0.12734793147268775
2017-03-27,-0.102671562283696,-0.38305826020592626
2017-03-28,0.7250445179252551,1.355352135460386
2017-03-29,0.09344373557933494,-0.6330368131222563
2017-03-30,0.3179001652103608,1.303918902271084
2017-03-31,-0.23302294792868494,-0.8393106111764137
2017-04-03,-0.17406617735158392,-0.21092583022088718
2017-04-04,0.06369530047098948,-0.12676556063899724
2017-04-05,-0.2977148758051662,-0.7640058538345151
2017-04-06,0.2807428959351377,0.6370889535997293
2017-04-07,-0.10200463797485071,-0.42425866978659244
2017-04-10,0.05953591185994256,-0.2554392010952533
2017-04-11,-0.11905488760062255,-0.2988104659732205
2017-04-12,-0.43915983555056215,-0.8156660849624409
2017-04-13,-0.6516109143665183,-1.301496096111121
2017-04-17,0.8821036525507253,1.7316232498522766
2017-04-18,-0.2988865267411711,-0.9486751317020037
2017-04-19,-0.18403713047865367,-0.30375727965643584
2017-04-20,0.8106456421868025,1.680688444257239
2017-04-21,-0.31923791721224504,-1.0309436654281523
2017-04-24,1.09381753196498,2.2204173614794875
2017-04-25,0.580177992932196,0.8829255854361229
2017-04-26,-0.06291959438593508,-0.0837368703032304
2017-04-27,0.0838667897547829,-0.461895899427045
2017-04-28,-0.2181764734898728,-0.9727433030024546
2017-05-01,0.25169760708649846,0.6354504872966071
2017-05-02,0.03771811565744798,-0.12676556063899724
2017-05-03,-0.12154940652679969,0.8001889371723525
2017-05-04,0.11733382150831417,0.16762362781386209
2017-05-05,0.3929575832433585,-0.16762362781386209
2017-05-08,-0.01671720682789868,-0.08393151688914635
2017-05-09,-0.09183661896905448,-0.37856602942332174
2017-05-10,0.17941490458088794,0.3365928056755063
2017-05-11,-0.20446387073640437,-0.6319602545271419
2017-05-12,-0.1672420076219261,-0.4235684880943502
2017-05-15,0.5508214307526238,0.7610791812181716
2017-05-16,-0.09157725154995688,0.29444956140332046
2017-05-17,-1.7903610303736883,-3.200610186086994
2017-05-18,0.40204606769629336,0.3895045707919209
2017-05-19,0.6483056385815367,0.8602290257618606
2017-05-22,0.5064817162219626,0.25662170042224375
2017-05-23,0.22102996857373824,0.7659851800112527
2017-05-24,0.23301261213140023,-0.0424208374524504
2017-05-25,0.4768061853620331,0.16948944978198988
2017-05-26,-0.0206952098970703,-0.04234782967555972
2017-05-30,-0.08690401797739611,-0.6799674926625698
2017-05-31,-0.024857132647504443,-0.8565448378908158
2017-06-01,0.792075787763924,1.239603098096742
2017-06-02,0.33230759208269234,-0.38305826020592626
2017-06-05,-0.07373072485981069,0.17041861346354104
2017-06-06,-0.3202235472036463,-0.4266116279804777
2017-06-07,0.18486225678957524,0.7665992061955507
2017-06-08,0.04921921011664665,1.139014968066654
2017-06-09,-0.15189433584756884,1.8700250188511625
2017-06-12,-0.020540451077888378,0.20559702698665916
2017-06-13,0.4878094343285788,0.5326931225325016
2017-06-14,-0.1268302487062556,0.16333916156772155
2017-06-15,-0.1926444728452381,-0.408858490114028
2017-06-16,0.02186993116222169,-0.11105339566088723
2017-06-19,0.8290646963851067,1.0239456231319277
2017-06-20,-0.6767070523585161,-0.8594410314394008
2017-06-21,-0.024683673446546095,-0.825428999364286
2017-06-22,-0.04529687427012874,-0.6235716354241916
2017-06-23,0.11935123101363132,-0.3760217630836227
2017-06-26,0.06578008750874886,0.5427074549814837
2017-06-27,-0.8088901863546383,0.49830330511300147
2017-06-28,0.891083260949177,1.5619243186082876
2017-06-29,-0.882775271513836,0.6909133435997639
2017-06-30,0.18627316044783626,-0.08105107449480897
2017-07-03,0.16941527575706772,1.448737725542637
2017-07-05,0.23094286545140008,0.15967191906489653
2017-07-06,-0.918653266095415,-0.7607723239140274
2017-07-07,0.6464051214345012,0.6809502744568707
2017-07-10,0.10733513887029034,-0.11982120259603768
2017-07-11,-0.07430111938768746,-0.8831910376490448
2017-07-12,0.7486841756943363,0.3220619657882118
2017-07-13,0.16788933030875697,0.6011004048491309
2017-07-14,0.4652858560628914,-0.4404756058348003
2017-07-17,-0.012180821311957857,-0.32150801642893967
2017-07-18,0.05291303636898448,-0.1611787483736027
2017-07-19,0.5399475361499206,0.04034398081320667
2017-07-20,0.04452177882079411,-0.04034398081320667
2017-07-21,-0.08907048142239304,0.0
2017-07-24,-0.024296695041936545,0.4425750636058101
2017-07-25,0.2427937188810958,1.2367818624259286
2017-07-26,0.004019986125936015,-0.6763446857866562
2017-07-27,-0.09299646166374131,-0.5604371766392724
2017-07-28,-0.11735668365284724,0.0
2017-07-31,-0.05672532573894884,0.7199907154855634
2017-08-01,0.2226302394698898,0.7148705875307027
2017-08-02,0.04851759519830523,0.15816554429055607
2017-08-03,-0.19418341524248817,-0.3562449848808935
2017-08-04,0.1820597620333153,0.6718009783661216
2017-08-07,0.1857417560405139,-0.1576224713028207
2017-08-08,-0.24641040798707436,-0.276523099256476
2017-08-09,-0.004036914681559978,0.0
2017-08-10,-1.4215890329664305,-1.7961107184026215
2017-08-11,0.14759819696870125,-0.40356603734217344
2017-08-14,0.9864198351689168,1.3654987116084705
2017-08-15,-0.012167915112382133,0.07973148938913432
2017-08-16,0.17430092074288694,-0.19945702915284969
2017-08-17,-1.5713764213511894,-1.7321682522459803
2017-08-18,-0.1564415285538523,0.04061883791210974
2017-08-21,0.07825856599898984,-0.28472476478595965
2017-08-22,1.0402771012039125,1.0938008705312363
2017-08-23,-0.3592190281911378,-0.3228417061366784
2017-08-24,-0.23331279329781296,0.0
2017-08-25,0.23331279329781296,0.2825502455999551
2017-08-28,0.004095637723988688,-0.6470179060249492
2017-08-29,0.11443100916812554,-0.3250718932275465
2017-08-30,0.4726355250829428,0.40617046353399466
2017-08-31,0.5998021013386534,0.121501903675858
2017-09-01,0.1413338652818119,0.28304364866151843
2017-09-05,-0.7208014853307354,-2.162913677065692
2017-09-06,0.3407854499307028,0.24723316596495515
2017-09-07,-0.0121430789635113,-1.7435415106167973
2017-09-08,-0.1175420332437227,0.9170800783974364
2017-09-11,1.060927106924936,1.7277341218777664
2017-09-12,0.3365412833025161,1.175781604823456
2017-09-13,0.047953003195821964,0.16108663287606184
2017-09-14,-0.032008125800508935,-0.2014306136892685
2017-09-15,0.1345513384652719,0.295162067651189
2017-09-18,0.21246828295495845,1.1639682221942227
2017-09-19,0.10005297099811017,0.7553169578844443
2017-09-20,0.03599764371049474,0.5922994378582125
2017-09-21,-0.26828294837564215,0.23591808628227184
2017-09-22,0.02005766427997102,-0.1178850672295173
2017-09-25,-0.2046777858696558,-0.11803301905275454
2017-09-26,0.06024408307201412,-0.039392964287454646
2017-09-27,0.388686988505782,1.2135961986941446
2017-09-28,0.11989180322915516,0.15550238252965976
2017-09-29,0.35088110011356477,0.46512216537490936
2017-10-02,0.43291838111532144,0.847125464226961
2017-10-03,0.21378410836856432,0.34449315009545955
2017-10-04,0.11858782106139998,-0.45958269664692075
2017-10-05,0.590749821208103,1.0311449696478903
2017-10-06,-0.1139431177959338,0.1139265780853993
2017-10-09,-0.16524022616195566,-0.38024687606323937
2017-10-10,0.26347878023074145,0.45607208640654484
2017-10-11,0.1569757590520915,-0.18975178842870477
2017-10-12,-0.1491197474233097,-0.76279129608956
2017-10-13,0.12165515267685834,0.03827507063824953
2017-10-16,0.13328205466569543,0.6484617729980879
2017-10-17,0.07048963773215178,-0.495507820547747
2017-10-18,0.09780212573735625,0.5335550479361295
2017-10-19,0.027361468260611588,0.07596598049559589
2017-10-20,0.514702774478426,1.170514067105044
2017-10-23,-0.3896684292331365,-0.07510688405361066
2017-10-24,0.17555060682408197,0.7112187961398675
2017-10-25,-0.49623818379949114,-0.5986006265251032
2017-10-26,0.12917830070522385,0.5612631055183392
2017-10-27,0.8142993304270263,-0.07463324621097556
2017-10-30,-0.37323011644385673,-0.4116074799385583
2017-10-31,0.1556948602287278,-0.2627870437733826
2017-11-01,0.13212898717158694,0.1502533788434235
2017-11-02,0.038842988248255494,0.9340280392204914
2017-11-03,0.333302936862534,-0.409886894351974
2017-11-06,0.15464456951761463,-0.11208790846448657
2017-11-07,-0.06958235616236763,-1.3928450041456486
2017-11-08,0.16996819065218105,-0.4940013527720222
2017-11-09,-0.3634206981601551,-0.3434585359978204
2017-11-10,-0.030991211023234655,-0.3062765891207686
2017-11-13,0.09293808908781287,0.1532641270068691
2017-11-14,-0.23254794201470474,-0.03827256787967137
2017-11-15,-0.5017529957376254,0.2677206647707209
2017-11-16,0.846505099055328,0.03818736663929734
2017-11-17,-0.2943149475717277,-0.11462300141644732
2017-11-20,0.1705016206542176,0.4576802310142458
2017-11-21,0.6521350324642405,0.3039237287298491
2017-11-22,-0.08852075183281016,-0.49436007273517824
2017-11-24,0.23075279107400704,-0.03812057499326116
2017-11-27,-0.04995272268217832,-0.07634462038494938
2017-11-28,1.009359144380717,2.5623329060988187
2017-11-29,-0.060856784213392245,1.6968388671831924
2017-11-30,0.8716720192126104,0.6562007963146321
2017-12-01,-0.20774138392809505,0.217772065045585
2017-12-04,-0.12109071187333953,1.5114203901488654
2017-12-05,-0.3603275994566779,-0.5371922114309591
2017-12-06,0.019019311278256623,-0.35970577783590585
2017-12-07,0.31479209574429845,0.3238110700936936
2017-12-08,0.5438321125608603,0.6087605496680748
2017-12-11,0.30085805706372426,-0.2502316072976907
2017-12-12,0.17634403119997089,0.9971595209532946
2017-12-13,-0.011267563326278207,-1.2480027832938667
2017-12-14,-0.40947104633817233,-0.6479574844328706
2017-12-15,0.8293005862031855,0.8957541712883987
2017-12-18,0.6321430691102137,0.8949691409894989
2017-12-19,-0.38478735856894986,-0.4286182589117171
2017-12-20,-0.052411207124425374,-0.1790746173165214
2017-12-21,0.20574195274107865,0.8568070392086735
2017-12-22,-0.026171740352687323,-0.28478213838081246
2017-12-26,-0.1196841278562566,-0.28559546380098055
2017-12-27,0.048631455584846606,0.10720784064663924
2017-12-28,0.20551903687824336,0.3920859162799495
2017-12-29,-0.3777198849124197,-0.7140388837773681
2018-01-02,0.7131710424287618,0.035790951038361385
2018-01-03,0.6304849156952841,0.5358252139339381
2018-01-04,0.4206213531358749,0.9220125314135519
2018-01-05,0.6642279154141839,0.2819713980651173
2018-01-08,0.18266208241515258,-0.140894173396644
2018-01-09,0.22612446197163294,0.7724884458672143
2018-01-10,-0.1531403012794641,0.8359550193051124
2018-01-11,0.7269456462351442,0.4844127142244137
2018-01-12,0.6498088039534444,0.8934733796877037
2018-01-16,-0.34243917866882967,-0.2740426602724888
2018-01-17,0.9486646533065191,0.7518726704922596
2018-01-18,-0.1682091401975505,-0.1362856940973156
2018-01-19,0.45393176627763765,0.713429107350505
2018-01-22,0.8098366453636707,0.8091944349771119
2018-01-23,0.21198779997844142,0.10067268502305105
2018-01-24,-0.03880590723568389,0.6686652043621066
2018-01-25,0.04232462573225959,-0.20012530031268128
2018-01-26,1.1511761875316218,0.7318700923740096
2018-01-29,-0.6652298836875126,-0.3985228742950042
2018-01-30,-1.031015659213974,-1.306342291005791
2018-01-31,0.049659616130526274,0.2693294124081813
2018-02-01,-0.11355274709083929,0.937122366793286
2018-02-02,-2.201022059888569,-2.2230763464526238
2018-02-05,-4.272245911960848,-5.172358026452262
2018-02-06,1.9510600284672996,1.8127474143108557
2018-02-07,-0.5439945589436057,0.07041441910899948
2018-02-08,-3.8230320661747363,-4.499580189373242
2018-02-09,1.490994030661419,1.8964755575125114
2018-02-12,1.457754428985325,1.3991207023820618
2018-02-13,0.24845161284536843,0.42659779537763676
2018-02-14,1.3405955044271778,2.3489314596857547
2018-02-15,1.2679141220098167,0.552859598128963
2018-02-16,0.029299039889973955,-0.13793053671813382
2018-02-20,-0.6281016226552083,-0.31102563158964536
2018-02-21,-0.49862729106440185,0.1383367856635953
2018-02-22,0.12953523010548196,-0.8330224903160932
2018-02-23,1.581347402870037,1.4876611376211546
2018-02-26,1.154538342600464,1.499658720340591
2018-02-27,-1.2565531806294494,-0.9517523941224848
2018-02-28,-1.0181592132640027,-1.410141289898137
2018-03-01,-1.4647198408693995,-1.747083398091176
2018-03-02,0.5141658872682697,0.24642684309417184
2018-03-05,1.1491573309358571,1.3966965619597094
2018-03-06,0.25319162631260994,0.41520077913657083
2018-03-07,-0.036644885705161556,-0.17277737267229476
2018-03-08,0.48272691550970137,0.31081848670662104
2018-03-09,1.7252673672809138,2.3850975073210545
2018-03-12,-0.1256046896143559,-0.33722203495205605
2018-03-13,-0.6483545138140201,-1.1211214766749134
2018-03-14,-0.5144739286030209,-1.1338640770035102
2018-03-15,-0.10903924760201633,0.034525043362521046
2018-03-16,0.1083780365145337,0.08666833340140734
2018-03-19,-1.362249006040006,-0.7300631498057708
2018-03-20,0.1699221229905845,0.24395738639397813
2018-03-21,-0.1921141203767185,-0.03481795357735962
2018-03-22,-2.5314851215863854,-3.7606701848289514
2018-03-23,-2.15452052565821,-3.083930014760927
2018-03-26,2.6991552367847227,3.1923549520383787
2018-03-27,-1.715822420705937,-1.9694408177570732
2018-03-28,-0.2958864941462913,0.18399500858095053
2018-03-29,1.2696439571372231,1.3511356071515213
2018-04-02,-2.182059856232854,-2.237410585797006
2018-04-03,1.273533042990227,1.3630738709951018
2018-04-04,1.0642393220645197,1.0555312674207507
2018-04-05,0.7861141690418627,0.7933562444149
2018-04-06,-2.2538515834583883,-2.436041144056933
2018-04-09,0.49165874529366604,0.5505680309788819
2018-04-10,1.5775014988067326,1.4895657336860602
2018-04-11,-0.5255853375353503,-1.1971739424843086
2018-04-12,0.819348859292468,1.7366454195371972
2018-04-13,-0.29376352175711773,-1.5179314855858106
2018-04-16,0.818843420350035,0.4360704991573705
2018-04-17,1.0641640735951086,0.0
2018-04-18,0.07400280697451578,-0.47246668784737267
2018-04-19,-0.5563348699617165,1.5184639388698962
2018-04-20,-0.8515463088867747,0.035863735405916586
2018-04-23,-0.014974890530528029,-0.1076377923938665
2018-04-24,-1.3558644157351196,-0.6484157179990291
2018-04-25,0.24682391988823937,-0.07231712352315789
2018-04-26,1.011441526251744,0.03614100396855946
2018-04-27,0.0938160300044899,0.14452176090027358
2018-04-30,-0.7719922998160378,-0.9066198052285923
2018-05-01,0.17752035827411916,0.03639618869000216
2018-05-02,-0.6740206912606794,-1.1353140248413052
2018-05-03,-0.22060217243913272,-0.8507550235812733
2018-05-04,1.286329858020352,1.2917690991538056
2018-05-07,0.33778037584628606,0.6579037605787708
2018-05-08,0.0,0.6897788575146002
2018-05-09,0.9619270460873075,1.4724547765941232
2018-05-10,0.9306934566788883,0.8166296409278573
2018-05-11,0.3046774083549586,-0.07075670120433308
2018-05-14,0.04762271662546169,-0.0708146684759825
2018-05-15,-0.6910870872283148,-0.17719727128553409
2018-05-16,0.41966249340834594,0.17719727128553409
2018-05-17,-0.08453824196230642,-0.212658668450727
2018-05-18,-0.25031507416262144,-0.8195314766988648
2018-05-21,0.749054350174827,0.713000745336112
2018-05-22,-0.2783966480305544,0.6727152995890329
2018-05-23,0.2747583425860789,-0.6371845554757893
2018-05-24,-0.20509598059819112,-0.7843451403978463
2018-05-25,-0.23852352269972954,-0.3225982273762362
2018-05-29,-1.1567881275186487,-3.3963627416145226
2018-05-30,1.3256492882304904,1.803842023059632
2018-05-31,-0.6144829113228667,-0.842659182530392
2018-06-01,0.9769910913229651,1.0977116274005994
2018-06-04,0.47402310030602024,0.32699117138390577
2018-06-05,0.07272905458775014,-0.4362127795811688
2018-06-06,0.8325638051537965,1.8051017602066732
2018-06-07,-0.010806532758778076,0.32150137933535383
2018-06-08,0.2951846097897004,0.14252498499573996
2018-06-11,0.13290172731714733,-0.2138875105103022
2018-06-12,0.12919050467958826,-0.2501388538207916
2018-06-13,-0.3196161526524577,-0.358411878324727
2018-06-14,0.2514518694524348,-0.9379663203747057
2018-06-15,-0.1276783084678712,-0.0036476424135845065
2018-06-18,-0.20586685054384546,-0.18218088816190914
2018-06-19,-0.3839914722638227,-0.2555991830569315
2018-06-20,0.17044352098318782,-0.25629470906989305
2018-06-21,-0.6288504412681917,-0.2936637168715617
2018-06-22,0.18213215959717033,-0.4790954723584484
2018-06-25,-1.370641640456416,-1.0770809925686908
2018-06-26,0.221150063021458,-0.3366411507468303
2018-06-27,-0.8318450744241979,-1.2441438839742691
2018-06-28,0.5701287170589708,0.8687632647818688
2018-06-29,0.1438110903109191,0.0
2018-07-02,0.2135939267859932,0.48770650508673796
2018-07-03,-0.35374360459909937,-0.902268437673337
2018-07-05,0.8124725212232953,0.22636271866356417
2018-07-06,0.8422807882471517,0.48861469436194405
2018-07-09,0.896397112834979,2.2614464712990223
2018-07-10,0.3592412970453651,-0.36723086819097084
2018-07-11,-0.7341875801159858,-0.4794489055157669
2018-07-12,0.9025303962111764,0.18467870163152433
2018-07-13,0.07870411467942873,-0.4438032122766611
2018-07-16,-0.08944800808476927,1.7634517076392964
2018-07-17,0.40368939454502595,0.10920205419586715
2018-07-18,0.2101865347484022,1.587923193929175
2018-07-19,-0.37787473870958266,-1.515193379157953
2018-07-20,-0.11434762829019007,0.18160147791324022
2018-07-23,0.18577079337056546,1.3693746990169675
2018-07-24,0.5019267463405974,0.28592867615713224
2018-07-25,0.8486090123172474,0.21390338630387085
2018-07-26,-0.23618395191071784,-0.03562011878655014
2018-07-27,-0.6798987721866823,0.21351491517735965
2018-07-30,-0.5237246136061913,0.07106783110573112
2018-07-31,0.49173044009718225,-0.7129930354880631
2018-08-01,-0.16723019367761438,0.0
2018-08-02,0.543321843198008,0.03575719659587584
2018-08-03,0.42753910882744606,0.5706348088820423
2018-08-06,0.3660515852360824,0.5320054093211457
2018-08-07,0.32966625539287975,0.45879767126724147
2018-08-08,-0.04198743304497654,0.24614530574966764
2018-08-09,-0.13670465503805573,-0.5989072645893323
2018-08-10,-0.672285868944833,-1.172923606843268
2018-08-13,-0.37504272940251937,-0.970003546421383
2018-08-14,0.636029204816424,0.9342512226338862
2018-08-15,-0.7495556196106534,-0.789946021350163
2018-08-16,0.8059110552490978,1.3250035247473146
2018-08-17,0.3514042449205945,0.21321140059002985
2018-08-20,0.21376797592651542,0.31895933103354146
2018-08-21,0.2342417687336784,0.38852414337449126
2018-08-22,-0.059342474888524066,-0.3531121601920262
2018-08-23,-0.13285249048369252,-0.4609280512603675
2018-08-24,0.6000086964270679,0.3547249542958042
2018-08-27,0.7864244431896594,1.3366439940547536
2018-08-28,0.04831087865033723,-0.10487270821402106
2018-08-29,0.5366318686426119,-0.034984604151944154
2018-08-30,-0.4056587811684942,-0.7727351632702995
2018-08-31,0.003434372168076294,-0.10582685005577908
2018-09-04,-0.1723970888000359,0.4929214056187625
2018-09-05,-0.26946058292631747,0.07025047397308803
2018-09-06,-0.30147230588708496,-0.4573450295360715
2018-09-07,-0.1945181921659156,-0.10582685005577908
2018-09-10,0.17366095113464652,-0.10598585897056978
2018-09-11,0.3292402461166688,0.10598585897056978
2018-09-12,0.024189632565185804,-0.9220086969922381
2018-09-13,0.5896906706020388,-0.1426074901785146
2018-09-14,0.017198495203629705,0.7109967492495706
2018-09-17,-0.5308144101344503,-0.42598484828300087
2018-09-18,0.5411557237208875,0.496801013980086
2018-09-19,0.10651827090155663,1.6848689571611786
2018-09-20,0.8070840886063912,0.8663751497071104
2018-09-21,-0.0914075132616432,-0.3889505580315866
2018-09-24,-0.3327335698439349,-1.1196622472396278
2018-09-25,-0.09283207662891257,-0.38781099561031596
2018-09-26,-0.2996619951187718,-1.2082469622375136
2018-09-27,0.27902486090658485,-0.35815873526643394
2018-09-28,0.010313213236656793,-1.0460201767933164
2018-10-01,0.3468386491610076,0.39806331645837467
2018-10-02,-0.05827663281401385,0.0
2018-10-03,0.05485091579178203,0.9345674873570964
2018-10-04,-0.7847108187013951,0.6774846653206268
2018-10-05,-0.561179560151448,-0.498741747058018
2018-10-08,0.0,0.6762866849256088
2018-10-09,-0.14609341996756342,-0.3909812879861363
2018-10-10,-3.2174858513760007,-3.1472848239061157
2018-10-11,-2.227294360927079,-3.0220720053313332
2018-10-12,1.3793082693799974,0.11357437446561924
2018-10-15,-0.5633584381737222,-0.4550567628260449
2018-10-16,2.163101407224577,1.6585084533884853
2018-10-17,0.01780049096105074,1.0043002269461976
2018-10-18,-1.4546381975442557,-1.679445368088528
2018-10-19,-0.05428672664971046,0.37564139920811535
2018-10-22,-0.4499051419501576,-2.16040063067644
2018-10-23,-0.5103555307879759,-0.8078446748634782
2018-10-24,-3.07670011600516,-2.5426544754410862
2018-10-25,1.7781506971667582,1.5333323061223592
2018-10-26,-1.7743712194978833,-1.4541487878897197
2018-10-29,-0.5555782193022551,0.8671474340124607
2018-10-30,1.4709774016890442,1.7121593631341359
2018-10-31,1.0623999348357671,1.3793036986953222
2018-11-01,1.0585958484114144,0.45558344381260163
2018-11-02,-0.5940491989739449,-0.07577962686875495
2018-11-05,0.5501619659903589,1.579551302448401
2018-11-06,0.6307959050339207,0.5210563533144086
2018-11-07,2.118272234249563,1.2908205763699776
2018-11-08,-0.1816357095274057,0.29270920390631616
2018-11-09,-0.9816275194824975,-0.9176183489817191
2018-11-12,-1.8861914483126796,-2.011236634476443
2018-11-13,-0.18726519564626898,0.562735477287335
2018-11-14,-0.6860281238783905,-1.3559585179015343
2018-11-15,1.0381919808081008,1.4681644589672693
2018-11-16,0.2597715010916879,0.11204729941205471
2018-11-19,-1.705915027049354,-0.0373927152857334
2018-11-20,-1.8679569583884614,-2.227718215814667
2018-11-21,0.34017319960133463,0.07631236256937513
2018-11-23,-0.6701050760046456,-0.8044321029991419
2018-11-26,1.6015278873115157,2.0179409390238323
2018-11-27,0.3358885429416425,0.07538452582900312
2018-11-28,2.276441083401437,1.9026885537846372
2018-11-29,-0.21876597536758524,-0.8536476386061587
2018-11-30,0.6076912255286615,0.5204916926299319
2018-12-03,1.3154346764331137,0.6283412946219702
2018-12-04,-3.293904665260783,-4.445175888253861
2018-12-06,-0.15181925541369878,-1.3964682044307342
2018-12-07,-2.3510217750423834,-1.932591483197621
2018-12-10,0.18951360779553283,-1.4036861121789368
2018-12-11,0.022730215123889508,-0.9740285820670547
2018-12-12,0.5022753332748486,0.5693334514182968
2018-12-13,-0.033894156103553286,-0.7326114292204089
2018-12-14,-1.863757267099686,-0.9852063973557534
2018-12-17,-1.9813384806405487,-0.9950552527487666
2018-12-18,-0.10968680889131832,-0.3757225256950214
2018-12-19,-1.5089081006545157,-1.2626250728971389
2018-12-20,-1.6412094021834633,-0.8934247298086451
2018-12-21,-2.0702143008771934,-2.01980920272975
2018-12-24,-2.6778619903971013,-2.1287105948626817
2018-12-26,4.928992904536589,4.427640810216138
2018-12-27,0.7648207938019347,1.1935077591509025
2018-12-28,-0.12907891962230522,-0.04237062599203867
2018-12-31,0.8720575768322192,0.9703050409681335
2019-01-02,0.10397013950464995,0.8360955207664222
2019-01-03,-2.415194754493477,-2.2737873613023485
2019-01-04,3.2947147477615957,3.2679952740276796
2019-01-07,0.7853590361825091,0.12360525324548455
2019-01-08,0.9351468247083439,0.08226468815135668
2019-01-09,0.4662697875896349,0.49242284263035785
2019-01-10,0.35212570827098943,0.040923008307380826
2019-01-11,0.03863478644028362,0.24521378552231354
2019-01-14,-0.6119834481673081,0.6914936465229005
2019-01-15,1.1395864355170815,0.8878037958714113
2019-01-16,0.24168128496802055,2.1070128454487413
2019-01-17,0.7557902505640257,0.5492537691639487
2019-01-18,1.3222290880796628,1.7067877819077815
2019-01-22,-1.3602596072365358,-1.160576916881162
2019-01-23,0.2090375407388656,0.1166750495994684
2019-01-24,0.05311591533452287,0.2329255274597486
2019-01-25,0.8425833611012123,0.810976339821945
2019-01-28,-0.7629429993762038,-0.30815228676477346
2019-01-29,-0.1327562770595314,-0.3478355872318595
2019-01-30,1.570669487246068,0.57902193149868
2019-01-31,0.8744028753032929,-0.1540929519451062
2019-02-01,0.04817318646361812,0.42315617490866764
2019-02-04,0.7010863623178487,0.4213731059420578
2019-02-05,0.41827093634019263,-0.2679303312270509
2019-02-06,-0.1319183195503726,-0.11505580316799602
2019-02-07,-0.9578156452783482,-1.0027036736680817
2019-02-08,0.12204146203416144,-0.5051262057573336
2019-02-11,0.05545791294458979,0.3111572331213619
2019-02-12,1.2777494161626102,1.4649110110176444
2019-02-13,0.3241692183300948,0.2675541840950313
2019-02-14,-0.2220930445429481,-1.2289127953621026
2019-02-15,1.083872691759158,2.102953846956712
2019-02-19,0.1728827553464818,0.15120519371336627
2019-02-20,0.20132155220213832,0.6402026886386025
2019-02-21,-0.3561666594753099,-0.5269032200891033
2019-02-22,0.6180505977294359,-0.15109174511813706
2019-02-25,0.13601109943532919,0.4148903885154098
2019-02-26,-0.07150594907914254,-0.30155637952495873
2019-02-27,-0.04299271648262604,0.3767974273689134
2019-02-28,-0.18643425906255118,-0.2636082239437343
2019-03-01,0.6224364075506195,0.6389748163305065
2019-03-04,-0.36440456985475933,-0.6389748163305065
2019-03-05,-0.13609998916477295,-0.3777938877905562
2019-03-06,-0.6075258228530167,-0.6455176380837369
2019-03-07,-0.840101416120298,-1.0339083985998698
2019-03-08,-0.20018671658315057,-0.03850519673935793
2019-03-11,1.439723325551956,1.0343128721278738
2019-03-12,0.37639707390120236,0.22837025017641288
2019-03-13,0.6596983249370858,0.6820807975049359
2019-03-14,-0.06396929401777385,0.3769477440811908
2019-03-15,0.4928810971345676,0.6971136041515447
2019-03-18,0.3618982684026051,1.0088008307239438
2019-03-19,0.02478702041450731,-0.7837299656689112
2019-03-20,-0.3014541338119514,-2.082212435703168
2019-03-21,1.123119176284959,-0.30653615930522626
2019-03-22,-1.943366294680171,-2.8017338374497935
2019-03-25,-0.0752188289810718,-0.4350419800977612
2019-03-26,0.7426410370456438,1.182062863265232
2019-03-27,-0.5242829489727541,-0.4318143654225004
2019-03-28,0.3783205535162537,0.8617296467915203
2019-03-29,0.6285782175648791,0.272666368335317
2019-04-01,1.1789455775861768,2.420868217543237
2019-04-02,0.04894923649656491,-0.07598317025832024
2019-04-03,0.15725500569123696,0.30349616059397455
2019-04-04,0.2649801380299799,0.6042593195178636
2019-04-05,0.4828635632323497,0.15047966226053866
2019-04-08,0.07620797752547759,0.11268884487405373
2019-04-09,-0.513842451113522,-0.8295441529905023
2019-04-10,0.3405830017388034,0.30246341499173823
2019-04-11,-0.027818505761523227,0.602163382698917
2019-04-12,0.6743560989709962,1.821939713245202
2019-04-15,-0.06549640739690332,-0.6283345579870314
2019-04-16,0.06549640739690332,1.3991437087822245
2019-04-17,-0.24500205221160698,0.2556243346548914
2019-04-18,0.19674816013388607,-0.2921818440010604
2019-04-22,0.08610965483812905,-0.2930380485859363
2019-04-23,0.8951743966665759,0.6216945774246252
2019-04-24,-0.22212185323677858,-0.10945604398981956
2019-04-25,-0.06166831179506005,0.1823258638149472
2019-04-26,0.46460156100716077,0.906613111993293
2019-04-29,0.15664823579317755,1.0057396411632613
2019-04-30,0.05104396778117248,0.14288710704315477
2019-05-01,-0.7545348150881814,-0.8242424220313183
2019-05-02,-0.21607276779249673,0.10788165077153522
2019-05-03,0.9739949938102122,0.8946403580335271
2019-05-06,-0.41235486446113967,-0.6791865331507108
2019-05-07,-1.6840834333439858,-1.6636774184854985
2019-05-08,-0.13899068174421103,-0.2190563094428999
2019-05-09,-0.30308125682498854,-0.21956912372855797
2019-05-10,0.5010830600020277,0.6571870871240559
2019-05-13,-2.545127583417983,-2.954416481212707
2019-05-14,0.9002687673315357,0.7840144371213942
2019-05-15,0.5840798113042389,-0.3725512512059659
2019-05-16,0.9218468255592249,1.0027895483282645
2019-05-17,-0.6485877051941813,-0.6674132054109272
2019-05-20,-0.6634156705625394,0.11153993242389859
2019-05-21,0.8975212627422735,1.0351208496052422
2019-05-22,-0.30760147457922216,-0.590193032387587
2019-05-23,-1.2293951405739634,-1.4158256499094968
2019-05-24,0.22658230899956777,0.784909852257476
2019-05-28,-0.9344179597879254,-1.1608306800225066
2019-05-29,-0.6733139955103162,-0.18852044088779607
2019-05-30,0.2727424618914398,-0.3401855290378286
2019-05-31,-1.3566956325281154,-1.5261686851967493
2019-06-03,-0.2546259470853407,0.6514585889714208
2019-06-04,2.147454279857275,2.6758697024725553
2019-06-05,0.8624742131875252,0.6302382971222986
2019-06-06,0.6481558232708018,0.3688408622522843
2019-06-07,0.9957651559529879,-0.14736670968451548
2019-06-10,0.4578471242912663,0.844503605793756
2019-06-11,-0.024246841404895747,0.03656802521199154
2019-06-12,-0.17668220293005632,-0.991747393801834
2019-06-13,0.41178562673138686,0.3316765135182198
2019-06-14,-0.11056667771995876,0.22050542066578416
2019-06-17,0.03800864713197072,-0.9220017585875873
2019-06-18,1.0416555224788127,1.3249991929934257
2019-06-19,0.22548409223617227,-0.18300109851656643
2019-06-20,0.9508662525732348,0.43862543317145786
2019-06-21,-0.14546792150609278,-0.22386335778641353
2019-06-24,-0.12248538634338502,-0.40494688463863504
2019-06-25,-0.9856464876102145,-0.33251362269171025
2019-06-26,-0.09979978809280254,-0.1852140174489758
2019-06-27,0.3539821783695274,0.8859295817905899
2019-06-28,0.5132350604321267,1.4231255323367442
2019-07-01,0.9037622337557671,1.1885612545538216
2019-07-02,0.26008622589177577,-0.25092901899328446
2019-07-03,0.7963550028037503,0.7865561901032603
2019-07-05,-0.11385187832013699,0.28448366245314993
2019-07-08,-0.5510151946361397,-0.49839811008087764
2019-07-09,0.12456585466935621,0.1782950882529999
2019-07-10,0.47667981056829234,-0.35688539937015484
2019-07-11,0.2341509195453284,0.5703806873446737
2019-07-12,0.4467280356405645,0.6731891806285972
2019-07-15,0.03320850464216818,-0.5665814467752384
2019-07-16,-0.3230228650633826,-0.24886927357061772
2019-07-17,-0.6828505419335329,-0.8580945963818642
2019-07-18,0.36543726580511304,0.7512365174649815
2019-07-19,-0.5570356174308344,-0.42857785429295525
2019-07-22,0.24533408124076672,0.21451852569227547
2019-07-23,0.7125022770163802,1.03039365652009
2019-07-24,0.4688117616030496,1.019869576557797
2019-07-25,-0.47885773937732523,-0.7022595855580516
2019-07-26,0.66780043858925,1.0864029568339983
2019-07-29,-0.1822772619953561,-0.7697680961993303
2019-07-30,-0.24576283319142078,-0.28140450672573536
2019-07-31,-1.1001213790257758,-0.49434268322983144
2019-08-01,-0.8745964358175762,-2.2915587579656282
2019-08-02,-0.7558122030538961,-0.03621796726207549
2019-08-05,-3.0534525030125437,-3.390145152942514
2019-08-06,1.3925530404748088,1.5988176789558661
2019-08-07,0.059091620897788744,-1.3368051196803954
2019-08-08,1.9429984280296075,1.8886128002475466
2019-08-09,-0.6834914664977987,-0.33071270545081966
2019-08-12,-1.2247662424733186,-1.932421214981206
2019-08-13,1.5431464671427975,1.2306544033447775
2019-08-14,-3.001312958118252,-3.7768697858765687
2019-08-15,0.2637983874151928,0.499143872789265
2019-08-16,1.4647408808545315,1.74642836270551
2019-08-19,1.1975292065854681,1.011036562561518
2019-08-20,-0.7692064657014441,-1.3503358518041075
2019-08-21,0.8102653614641575,0.4521382729457013
2019-08-22,-0.03078394273909879,0.6744054101530228
2019-08-23,-2.6023366892743205,-2.572005011033518
2019-08-26,1.0997910103469621,0.9533172815337387
2019-08-27,-0.3931305477082425,-0.6090616122434778
2019-08-28,0.701713462858855,0.9121946628572797
2019-08-29,1.2692110416773872,1.5020573458492503
2019-08-30,-0.04446433516154258,0.33492894195576994
2019-09-03,-0.5864056183666477,-1.0455557240898194
2019-09-04,1.1286182452247218,0.9712167949000872
2019-09-05,1.2773483959038323,2.023999782362562
2019-09-06,0.07721740726358561,-0.03642121434679346
2019-09-09,0.05031085348745634,1.5190134548478618
2019-09-10,-0.023495603106038487,0.35829971275505024
2019-09-11,0.7085973636868914,0.5705994722334129
2019-09-12,0.34579502726543865,0.5320100075684397
2019-09-13,-0.06640969021836085,0.7752005504605641
2019-09-16,-0.3093694389598056,-0.35162257012046894
2019-09-17,0.25287586281743657,0.10561665221837657
2019-09-18,0.059807830493152636,0.35125204529835585
2019-09-19,-0.006617421186660977,-0.4568686975167324
2019-09-20,-0.473648565250695,-0.5894183657803698
2019-09-23,-0.023448838095951885,0.17787866227090277
2019-09-24,-0.7878117807264218,-0.9644370978723504
2019-09-25,0.5897627160423191,0.8221686976272125
2019-09-26,-0.20857677806498387,-0.46387149960018803
2019-09-27,-0.5401251720273059,0.3926382901235481
2019-09-30,0.4626856612020447,-0.2496857930279095
2019-10-01,-1.1966060429849712,-2.129662109228736
2019-10-02,-1.7822902813886543,-2.0641903561644526
2019-10-03,0.8159953063239911,0.4088210980217166
2019-10-04,1.3441212367544253,1.8376076679618603
2019-10-07,-0.43238271088013036,-0.5111083843812647
2019-10-08,-1.5646664965517587,-1.9964063167402735
2019-10-09,0.94516572273875,0.929220142435927
2019-10-10,0.674057223003377,1.030564182874727
2019-10-11,1.0313422547573836,1.2372715670832868
2019-10-14,-0.11141255565219055,0.14457742994764544
2019-10-15,0.9851702807863738,1.4342240806941131
2019-10-16,-0.16074472131482054,-0.24952316002240238
2019-10-17,0.29449221301023343,0.07138333989344936
2019-10-18,-0.43866856278285127,0.24932232402132826
2019-10-21,0.6756195082814109,1.377852422106951
2019-10-22,-0.32723332410995454,-0.28109070724688934
2019-10-23,0.29051285329941834,0.4213440962280046
2019-10-24,0.1632702895741467,-0.14025338898111528
2019-10-25,0.40867115512863705,0.49002113524467816
2019-10-28,0.5620947570290191,0.5223834078695422
2019-10-29,-0.02968995158605381,0.24284270865009283
2019-10-30,0.3062799684303563,-0.06932454349568573
2019-10-31,-0.2666990126050095,-0.4866146267183957
2019-11-01,0.9221028618084937,1.4528119699398712
2019-11-04,0.4009622238640098,0.8548466613891303
2019-11-05,-0.11068044361666196,0.3738382902527704
2019-11-06,0.02285180353132077,0.5075290464253701
2019-11-07,0.3510269003643707,0.7397453493211081
2019-11-08,0.24631293658270437,-0.03349583200318307
2019-11-11,-0.19114215505675602,-0.26847273113301817
2019-11-12,0.21058381877701038,0.1343047637018202
2019-11-13,0.03233647333678036,-0.6396257700125307
2019-11-14,0.1454715978083776,0.2024305658625991
2019-11-15,0.7210470043623296,0.2692860465693059
2019-11-18,0.07368882723381986,0.2014861054955297
2019-11-19,-0.028806307898587846,0.20108095517330504
2019-11-20,-0.3725718576949255,-0.4698097450708705
2019-11-21,-0.161035894917827,-0.10096339689011913
2019-11-22,0.22215750312497562,0.738001071147032
2019-11-25,0.7720544378175376,0.6330409716409413
2019-11-26,0.22630897124518157,-0.09969572147077166
2019-11-27,0.44471579573759357,0.39814509245816865
2019-11-29,-0.3715320251691523,-0.1657047605006845
2019-12-02,-0.8531017650583728,-0.6321841526084171
2019-12-03,-0.6729246887825724,-1.4117755730403303
2019-12-04,0.6151257765418805,0.9434020243624275
2019-12-05,0.17961005505426897,0.4683735486779028
2019-12-06,0.909294800985716,1.3262880134438326
2019-12-09,-0.31489886019668845,-0.23083068389286865
2019-12-10,-0.11158383163500929,0.03299828976714991
2019-12-11,0.2834600590009728,-0.23128119273096992
2019-12-12,0.858205151739444,1.9328969788195316
2019-12-13,0.05990677339902106,-0.35754836428534276
2019-12-16,0.6846329459008871,0.35754836428534276
2019-12-17,0.02192849575841649,0.38860404786307257
2019-12-18,0.006247900851796828,-0.4210664810658571
2019-12-19,0.4090746419150193,-0.03245198038039909
2019-12-20,0.4374506864877503,0.11741535683804649
2019-12-23,0.15265624307767567,-0.22842502819293564
2019-12-24,0.0031291321635151803,0.22842502819293564
2019-12-26,0.5308962407236884,0.552580849596529
2019-12-27,-0.024789446255546466,-0.2596511677769531
2019-12-30,-0.5528252501837194,-0.2929296818195759
2019-12-31,0.24262949976634474,0.3254229713492762
2020-01-02,0.9308814747276628,0.969928249321228
2020-01-03,-0.7601257491476332,-1.0674467834783208
2020-01-06,0.38074383891908425,-0.06506057643811403
2020-01-07,-0.28154674536953195,-0.6529515290877974
2020-01-08,0.5315127391492425,0.6529515290877974
2020-01-09,0.6758092064557353,0.6163730937012168
2020-01-10,-0.288185861904644,-0.746635346044533
2020-01-13,0.6853724226502322,0.681939525659736
2020-01-14,-0.15259076015388118,-0.19438069566573013
2020-01-15,0.22572606142476914,-0.5527466502468492
2020-01-16,0.8284195879562084,0.8765048828986988
2020-01-17,0.310760156952572,0.29046471419515996
2020-01-21,-0.19601819398760156,-0.8414337034321928
2020-01-22,0.01207468973145609,0.2920671603209968
2020-01-23,0.11462682722784834,-0.25957387079129646
2020-01-24,-0.8932764495873435,-1.27516302197348
2020-01-27,-1.615947003035867,-1.5586443445068543
2020-01-28,1.042474994028808,1.162996367625313
2020-01-29,-0.08261726725127261,-0.1653205855165929
2020-01-30,0.32399685839870074,1.2496027949218558
2020-01-31,-1.8325003272668283,-2.113673391185511
2020-02-03,0.7401132377125919,0.6984975733185017
2020-02-04,1.5126255736409355,0.9566394546270285
2020-02-05,1.1482145763496376,1.9828207032149159
2020-02-06,0.335902072029981,-0.12881513662268418
2020-02-07,-0.5343793936441799,-0.35514643079648245
2020-02-10,0.7437741015246857,0.29066621070543697
2020-02-11,0.1731453014411244,0.3540830065279277
2020-02-12,0.6422041968852099,0.06424549687906733
2020-02-13,-0.1067348244221833,-0.03211070022652862
2020-02-14,0.16006449157419667,0.12842226150597824
2020-02-18,-0.25806690859031534,-0.8700020957766785
2020-02-19,0.47701388021730295,0.7415798342707003
2020-02-20,-0.4116913898720931,-0.19292244646673673
2020-02-21,-1.0351531304103823,-0.970248840054877
2020-02-24,-3.372769690976085,-3.3039167578103434
2020-02-25,-3.0770936895666345,-3.4515650465452463
2020-02-26,-0.36846457599315485,-0.73286833303019
2020-02-27,-4.595169786487663,-4.367172563426358
2020-02-28,-0.4210388560246692,-2.744983077570895
2020-03-02,4.239502302477938,4.988191611934845
2020-03-03,-2.9050153970999304,-3.8290893740418497
2020-03-04,4.117325354427326,3.2550123732174363
2020-03-05,-3.380673282957769,-4.94201738214306
2020-03-06,-1.6669157653838695,-3.4618928761409595
2020-03-09,-8.131245950775146,-11.343808017877999
2020-03-10,5.045048786789241,5.708535042037699
2020-03-11,-4.997690221981355,-5.577102699700953
2020-03-12,-10.0568558249309,-11.445015948109383
2020-03-13,8.202818728135597,12.360264959680078
2020-03-16,-11.588668404791047,-14.744908184175953
2020-03-17,5.258497034330123,5.287601303248701
2020-03-18,-5.196010087381353,-8.870333505342787
2020-03-19,0.21231259320915186,2.1650246589123068
2020-03-20,-4.405048013442947,-3.6349183170658605
2020-03-23,-2.5900809019223203,-5.994468100799866
2020-03-24,8.67310960754315,11.69019432879872
2020-03-25,1.4859101515424022,2.684047263793188
2020-03-26,5.67488565382801,6.088407970070531
2020-03-27,-3.0238288630292764,-3.0930049458839814
2020-03-30,3.1959526662420856,1.8859271107647846
2020-03-31,-1.5017463040874368,-2.7943930695564667
2020-04-01,-4.604911081520324,-6.29386845457689
2020-04-02,2.2813113558211917,2.475511407931208
2020-04-03,-1.4559741780717061,-2.0162061032046985
2020-04-06,6.500683301140864,6.933187986882361
2020-04-07,0.10189674320688624,0.992699496349303
2020-04-08,3.30173577405235,4.281460915023594
2020-04-09,1.5102688543447762,5.223922655924751
2020-04-13,-0.9172161729919637,-3.703334168199479
2020-04-14,2.906631265955273,0.44286780080411425
2020-04-15,-2.1476933153603994,-4.427074751509252
2020-04-16,0.48127580570742623,-1.7708131072362576
2020-04-17,2.665673714144834,5.1317143162365575
2020-04-20,-1.7774536151538456,-1.7572018091201347
2020-04-21,-3.0834394778231022,-3.2804901539691844
2020-04-22,2.195219378832114,1.0745108376585932
2020-04-23,-0.0071966694558334154,-0.4190859640301525
2020-04-24,1.3842592135072884,1.4362020493664307
2020-04-27,1.4315582734030663,3.347199208668039
2020-04-28,-0.46090317370799383,1.0619466239741193
2020-04-29,2.5841723208083422,2.8635591173566066
2020-04-30,-0.9354318699960729,-2.555928575177102
2020-05-01,-2.6830513456919114,-3.2555838949059
2020-05-04,0.2754676538306633,-0.9107280609152113
2020-05-05,0.9197050938562157,-0.3207489015029097
2020-05-06,-0.6802130096637882,-2.1805492625011524
2020-05-07,1.1995030833237053,2.318152994111111
2020-05-08,1.6410726711899137,2.131101269991298
2020-05-11,0.020511489883201506,-1.947956100098347
2020-05-12,-2.013298853549461,-2.642091341995423
2020-05-13,-1.7844097180698348,-3.0038044897836347
2020-05-14,1.1896385577990998,2.532986836999518
2020-05-15,0.45861581717616673,-0.6629335415198945
2020-05-18,3.0004863241354762,5.003390375045447
2020-05-19,-1.0324100560901606,-2.4704011323030795
2020-05-20,1.6845178679477435,2.1989152110521104
2020-05-21,-0.6927759975662084,-0.31766310552128196
2020-05-22,0.18973716771304439,-0.36431814190542866
2020-05-26,1.2245435252414616,5.069998654491226
2020-05-27,1.4768852148918654,4.245138312443775
2020-05-28,-0.1846316631214151,-1.592017642578325
2020-05-29,0.4446173897090233,-1.146734990981635
2020-06-01,0.4033466823328169,1.146734990981635
2020-06-02,0.8246175197388794,0.7991635752294002
2020-06-03,1.3220241754539508,3.660718542072061
2020-06-04,-0.2630167302938524,2.1575033732462945
2020-06-05,2.5306444396043126,3.648031010585795
2020-06-08,1.201529418004732,1.8875812650872348
2020-06-09,-0.748479747869979,-2.1546702738740375
2020-06-10,-0.559561649330842,-3.8166816043704976
2020-06-11,-5.937712693014152,-8.531655722257314
2020-06-12,1.1904382992023343,2.98148091574979
2020-06-15,0.9292386943442033,1.3753013995535301
2020-06-16,1.90647557552035,1.56062475566503
2020-06-17,-0.4162726721104626,-1.5192217320193269
2020-06-18,0.0384896553420333,-0.12421648822056319
2020-06-19,-0.5731015570773046,-0.6650237399219883
2020-06-22,0.6394491764230459,-0.4964281849276553
2020-06-23,0.45931755687567133,0.4628495004247224
2020-06-24,-2.5839736065583097,-3.5901231751179097
2020-06-25,1.0663467435442442,2.6198598508657245
2020-06-26,-2.4037809542335253,-4.375830447066642
2020-06-29,1.4590339496673543,1.1011024213487541
2020-06-30,1.272836727128368,1.3487219386869143
2020-07-01,0.6980465389352375,-0.8680467322507379
2020-07-02,0.5491595147321782,0.13068236370972208
2020-07-06,1.5319549924708298,1.897411838932328
2020-07-07,-1.036755224653163,-2.0716991122709416
2020-07-08,0.7619755286357943,1.0412235012240867
2020-07-09,-0.5709366367588231,-2.1374974141572967
2020-07-10,1.0158884672335056,3.3813189710429903
2020-07-13,-0.8696542295231424,0.42534917030763175
2020-07-14,1.2875466561725446,0.5080315795106927
2020-07-15,0.914541693981441,1.9654058765975702
2020-07-16,-0.3298945170173262,0.0
2020-07-17,0.28950569496828393,-0.8316183008147959
2020-07-20,0.8048664871246558,-0.4603490245439268
2020-07-21,0.21254278745956867,1.9522990173527877
2020-07-22,0.5675855102043492,0.0
2020-07-23,-1.2003204772226717,0.08223462822583016
2020-07-24,-0.6461166950727737,-0.24690703918079926
2020-07-27,0.7265987652004036,-0.8274894467147575
2020-07-28,-0.6362706842580224,-0.24957743243807506
2020-07-29,1.2223632936958495,1.8568526135031682
2020-07-30,-0.35740962025911927,-1.815217492991783
2020-07-31,0.7870755899133108,0.04162658603155123
2020-08-03,0.6928534828260169,0.2908756305398885
2020-08-04,0.38549152544735676,-0.4157986037768513
2020-08-05,0.6191562257779282,1.3656351850276582
2020-08-06,0.6662642902387717,-0.04110451680281457
2020-08-07,0.07175939239409956,2.1156229767710144
2020-08-10,0.29844278419419723,0.7220137818600314
2020-08-11,-0.8289039181361701,1.1524053034929427
2020-08-12,1.3846230296442386,-0.27695040723867415
2020-08-13,-0.18097476278802205,-0.6359318436816697
2020-08-14,0.002992927711975568,0.3979121866851454
2020-08-17,0.3171542584524012,-1.6820382737628314
2020-08-18,0.21582420939161295,-0.6483087164204981
2020-08-19,-0.41727483117064423,-0.04066187414304423
2020-08-20,0.3108768353413893,-0.9397116480274192
2020-08-21,0.35412650723918304,-0.2054815969580126
2020-08-24,1.0082183177801518,2.3578123623382297
2020-08-25,0.3493239466908271,0.28086482997502493
2020-08-26,0.9975536889155201,-0.4819241041192246
2020-08-27,0.2184010858088392,1.676657738781806
2020-08-28,0.6439085551825485,0.3951323694228126
2020-08-31,-0.36293432698295547,-1.1900530470020598
2020-09-01,0.9374442938407057,0.2789453758347271
2020-09-02,1.436040439478159,1.4223985979530784
2020-09-03,-3.502044453044739,-1.5418333114642468
2020-09-04,-0.8198197164769994,0.7541221035107792
2020-09-08,-2.770301288586552,-2.603811163271441
2020-09-09,1.9554662207006857,1.009500610378744
2020-09-10,-1.7515976226471608,-1.4161338146724933
2020-09-11,0.05088990639974256,0.6903436874329039
2020-09-14,1.3085522429260976,1.366569440245824
2020-09-15,0.5039596522881773,-1.366569440245824
2020-09-16,-0.3976670215262601,1.126767622211089
2020-09-17,-0.8833872808348353,-1.0458636508069663
2020-09-18,-1.1579798082302695,-0.20238706906816617
2020-09-21,-1.1191856920008014,-2.537531473011123
2020-09-22,1.0132513681428534,-0.8392729927452436
2020-09-23,-2.3463753094404183,-2.258771348736399
2020-09-24,0.2661880484081003,0.21527366797635672
2020-09-25,1.603791665692178,1.0269596569487671
2020-09-28,1.6472699090020804,2.3560039827404733
2020-09-29,-0.5460970210878102,-1.2552404446856347
2020-09-30,0.7553420477124817,1.338363235504314
2020-10-01,0.6399396894127385,0.16607345050383415
2020-10-02,-0.9539568546188981,0.7849528560875285
2020-10-05,1.7577535271492195,1.6326953857549675
2020-10-06,-1.4317929982441413,-1.0172904184295728
2020-10-07,1.7256825892307148,1.6629787221350334
2020-10-08,0.8823347604548282,1.3583878312367847
2020-10-09,0.8890553353831265,0.11897704161767386
2020-10-12,1.5959469622717215,1.103681798652234
2020-10-13,-0.6547288676773455,-1.939509167968989
2020-10-14,-0.6303128321420104,-0.9638647547434154
2020-10-15,-0.12367012654630472,0.7638102668301006
2020-10-16,-0.06045156716831812,0.08007823681741577
2020-10-19,-1.5319908363392365,-1.532279645545076
2020-10-20,0.399732084808857,0.8093581177008424
2020-10-21,-0.1894453866245982,-0.5253383207335371
2020-10-22,0.5470215962518843,1.9659760107137547
2020-10-23,0.33894703757457734,0.3173241426860596
2020-10-26,-1.8652789060806363,-2.2833001533998143
2020-10-27,-0.3453397095833921,-1.8401787835621963
2020-10-28,-3.4776372068156647,-2.5921120475356663
2020-10-29,1.011194795685988,0.7595077039145526
2020-10-30,-1.047997026048364,0.2938039340521392
2020-11-02,1.1146496957620933,1.868449505531844
2020-11-03,1.75014787358041,2.1969751220060285
2020-11-04,2.21034060680827,-1.1738559809649107
2020-11-05,1.9314991493958544,2.41362926412223
2020-11-06,-0.02285321827866227,-0.7980876552159177
2020-11-09,1.248715137517653,7.893272579506183
2020-11-10,-0.14671080440029627,0.5169940071982015
2020-11-11,0.7401062841710271,-0.4059932288265955
2020-11-12,-0.9748503941599651,-1.6781921615603324
2020-11-13,1.3749540995131149,1.6412159565354134
2020-11-16,1.2405385019463644,2.1954590996629886
2020-11-17,-0.5392698996681489,-0.1448474406252842
2020-11-18,-1.2108009848257772,-0.9468456457228935
2020-11-19,0.4201421848210707,0.3287603612564194
2020-11-20,-0.6871370229667662,-0.8791282329204453
2020-11-23,0.5976115887508904,1.8590039951545734
2020-11-24,1.598578533591155,3.4430804689039807
2020-11-25,-0.15432994906552366,-0.34951696556531076
2020-11-27,0.27814588849528477,-0.31562424616762286
2020-11-30,-0.4437069825510953,-2.094133244749896
2020-12-01,1.0877993349453163,1.5305642733488778
2020-12-02,0.2101408144796757,1.0890572997490189
2020-12-03,-0.027262462500576845,0.03492233413440182
2020-12-04,0.858070114309406,1.2150819023570403
2020-12-07,-0.20567984781996174,-0.6925079673498757
2020-12-08,0.2921629769451428,-0.034747587754813125
2020-12-09,-0.9008848206153885,-0.24361570573976365
2020-12-10,-0.03276075050884231,0.17405505006435895
2020-12-11,-0.1173176285101718,-1.0138023643671445
2020-12-14,-0.4487113337328985,-1.1663067674569483
2020-12-15,1.3428732014727274,1.6919865720235183
2020-12-16,0.1568013318945738,0.17458741747415907
2020-12-17,0.557662527064906,0.27874397287925845
2020-12-18,-0.4001210369861674,-0.8736701574388661
2020-12-21,-0.3581775798957132,1.339010397281104
2020-12-22,-0.16870242523463475,-0.9796986418683318
2020-12-23,0.08985842884143835,1.639076596810618
2020-12-24,0.38827848189066927,0.13827400465218354
2020-12-28,0.855424027556051,0.48244449824070834
2020-12-29,-0.19096899084800611,-0.34439026720129995
2020-12-30,0.14257354813205225,0.44743988473525675
2020-12-31,0.5068080287614407,1.2286948399327535
2021-01-04,-1.3707721208612078,-1.3661538809287777
2021-01-05,0.6863576253324233,0.44606529409119133
2021-01-06,0.5960908387368846,4.321560184329831
2021-01-07,1.4748256482928213,1.4323227671208638
2021-01-08,0.5681494926775166,-0.06467995391288284
2021-01-11,-0.6763763390408961,0.3229013703281325
2021-01-12,0.02113718769711781,1.0263023922820302
2021-01-13,0.26894855850141397,-0.06384082669095292
2021-01-14,-0.35083025403324086,0.44601232834082793
2021-01-15,-0.7319228452570492,-1.666695310347155
2021-01-19,0.7821057410959398,0.25822141641524965
2021-01-20,1.3744069139987047,-0.41997612614999014
2021-01-21,0.09111593833202036,-1.0740474699853841
2021-01-22,-0.35457685634554537,-0.7224921304326948
2021-01-25,0.3936182003618782,-0.7277570302505421
2021-01-26,-0.15622274678062098,-0.8000156376944734
2021-01-27,-2.474438650217703,-2.9893386703867098
2021-01-28,0.8563637881586317,1.844931618817336
2021-01-29,-2.022247339052008,-2.0175092906533187
2021-02-01,1.650831932854313,1.3040685789210915
2021-02-02,1.4041179625076339,2.3919020272795244
2021-02-03,0.07861763234764396,0.5643231082028688
2021-02-04,1.130144201446015,2.1935782546520066
2021-02-05,0.3928130695766363,0.032356641530295605
2021-02-08,0.7196228815169015,1.2866166685323588
2021-02-09,-0.06660798267299484,0.03195944804081918
2021-02-10,-0.04360640308549435,0.0
2021-02-11,0.16135787263333867,-0.32000814971024916
2021-02-12,0.4927954920845856,1.02040491084332
2021-02-16,-0.08663378042932379,1.698702565861776
2021-02-17,0.022952062249981253,0.49783658586313173
2021-02-18,-0.4265379888769516,-0.5914579015191546
2021-02-19,-0.17671671015850876,1.1794123401593026
2021-02-22,-0.772165777406908,0.9213794328974512
2021-02-23,0.12136160611495583,0.6095680493173106
2021-02-24,1.095911152678486,1.9260446949950882
2021-02-25,-2.4390762024004253,-1.8349319804562558
2021-02-26,-0.5166062959574447,-1.931085070211891
2021-03-01,2.3951178677589446,3.0780948888363024
2021-03-02,-0.783381872395239,-0.3607866929499881
2021-03-03,-1.3334241776892242,0.7800836006191414
2021-03-04,-1.2452113932305053,-1.1421893160050267
2021-03-05,1.822955516113911,1.8865878285707627
2021-03-08,-0.4991512440192025,1.2674889932257738
2021-03-09,1.4176741360877543,-0.9121448519203934
2021-03-10,0.6205390351325057,2.0190724464995036
2021-03-11,1.0087973743456047,-0.29011469601538664
2021-03-12,0.1345997459689663,1.0117013033660527
2021-03-15,0.5945980814694884,-0.5768714831766442
2021-03-16,-0.12622469569461003,-1.0468162136763492
2021-03-17,0.340393837786479,0.6700730634891183
2021-03-18,-1.4656383889536606,0.5213155660294344
2021-03-19,-0.18521522540471125,-1.1621566826719665
2021-03-22,0.7953312479717312,-1.2969450003771144
2021-03-23,-0.7901971253078344,-1.4074124797959442
2021-03-24,-0.5096539057232619,0.36123712215143655
2021-03-25,0.5609974091388636,1.668675647310991
2021-03-26,1.5986586567780847,1.5540650647799747
2021-03-29,-0.05052076066212052,-0.8766762512811166
2021-03-30,-0.265668036685085,0.7019669027017894
2021-03-31,0.4045160873086928,-0.7607004202619727
2021-04-01,1.0741323746006337,1.2259395751567315
2021-04-05,1.4251133601119292,0.7802594398903739
2021-04-06,-0.05909333053155663,-0.20173186298553247
2021-04-07,0.11567662175542281,0.48914785489362345
2021-04-08,0.4735231660471406,0.02870218829991167
2021-04-09,0.7243996899351401,0.8571683123002494
2021-04-12,0.036456466802015086,0.42581801479837367
2021-04-13,0.2959308155380924,-0.9392189632772663
2021-04-14,-0.34209113382388523,0.5986884367341183
2021-04-15,1.0685124989644912,-0.0852874882552257
2021-04-16,0.3336847982710722,0.7087044341924198
2021-04-19,-0.49252896284874836,-0.28288641939404613
2021-04-20,-0.7348495998869886,-1.8873970204359658
2021-04-21,0.9417588360224549,1.376159461805182
2021-04-22,-0.9174878589267799,-1.1166480425956138
2021-04-23,1.0783875127962972,1.8542634257826318
2021-04-26,0.20856027009807931,0.3949146596035735
2021-04-27,-0.02155018282179455,0.7851927889676702
2021-04-28,-0.028740803160420825,0.39031382351950583
2021-04-29,0.635251301521933,1.7650832583951725
2021-04-30,-0.659223942449394,-0.8786874548269541
2021-05-03,0.21545340351281084,0.49519281729519804
2021-05-04,-0.6188541681286353,0.7927004240086966
2021-05-05,0.031260966795354506,0.8134670531288801
2021-05-06,0.7954104681798135,1.4743804828602158
2021-05-07,0.725177911010011,0.5307771174231313
2021-05-10,-0.9951995085379473,-0.07944876708334547
2021-05-11,-0.8964732803643294,-1.7907570541817464
2021-05-12,-2.147412383694469,-1.030105726510433
2021-05-13,1.1940939974939724,1.5948335304072803
2021-05-14,1.5238434516599675,1.5697973535293563
2021-05-17,-0.25476908420145605,0.18462516790274108
2021-05-18,-0.8652960331173354,-1.4064211483066469
2021-05-19,-0.2625173205469622,-0.6165531101127275
2021-05-20,1.0700466850294355,0.053781496602045564
2021-05-21,-0.08189327884373654,0.9894711403303447
2021-05-24,1.0142780374930993,0.47778522006436397
2021-05-25,-0.22214922719827612,-1.011428023617933
2021-05-26,0.19827003381802655,0.2938137013372977
2021-05-27,0.0524752677916851,1.1404579788158564
2021-05-28,0.1787174059960428,0.18445252173742155
2021-06-01,-0.08811197218046019,0.6035867847751675
2021-06-02,0.15714179643433468,0.15685016378745864
2021-06-03,-0.37185529753784863,0.23480949765537495
2021-06-04,0.910432453499066,0.2603037030233679
2021-06-07,-0.0970582126443631,-0.6519633644662015
2021-06-08,0.021319571675793014,-0.2619867282033894
2021-06-09,-0.14930929235417167,-0.9488962348444208
2021-06-10,0.4637533142395789,-1.1720688383673128
2021-06-11,0.16512285401928395,0.6410096291670442
2021-06-14,0.2236463612049988,-1.0437778872628645
2021-06-15,-0.18358786124776927,0.1881820221925068
2021-06-16,-0.5599080953098579,-0.10748282478254545
2021-06-17,-0.03315931882914569,-3.0015750587153
2021-06-18,-1.358222919204266,-2.439495028251626
2021-06-21,1.4214429641767445,2.3070997789248704
2021-06-22,0.5331880604882322,0.1669649642149995
2021-06-23,-0.12061269004339792,0.1944005130273485
2021-06-24,0.5898392510033545,1.240876352035647
2021-06-25,0.3545860150810043,1.1986285925101647
2021-06-28,0.2013848688395825,-0.7338246237640789
2021-06-29,0.05379716269171553,-0.3552317899769175
2021-06-30,0.08412998711664343,0.43703554635472486
2021-07-01,0.5521520935808155,0.7872863175299116
2021-07-02,0.7614225305921707,-0.10822689714418132
2021-07-06,-0.1823048366453861,-1.5825568668845325
2021-07-07,0.35277937352988786,0.13741868031247328
2021-07-08,-0.8181326942901634,-2.025322675375607
2021-07-09,1.0618153067778024,2.8459151828369222
2021-07-12,0.3575703473725156,0.975875254312708
2021-07-13,-0.34148649716474466,-1.0849211654652802
2021-07-14,0.14908798177541982,-0.46466557394535535
2021-07-15,-0.34212279721534955,0.32819924502893727
2021-07-16,-0.7874538475268089,-1.3747409025895774
2021-07-19,-1.4878058529062876,-2.8360820157173894
2021-07-20,1.4228886600748503,2.4477084334022514
2021-07-21,0.8063643180697078,1.708512011512342
2021-07-22,0.2091972501324868,-1.0988843727119946
2021-07-23,1.0235493840770715,0.16555985432438192
2021-07-26,0.24516300254200374,0.5775093545838939
2021-07-27,-0.4567900245091572,-0.02740978930892979
2021-07-28,-0.0410106523254683,-0.13725284088730305
2021-07-29,0.41386020713485294,1.0926037198197847
2021-07-30,-0.48680381056307453,-0.7909252637752218
2021-08-02,-0.2100329888110153,0.027364763787041113
2021-08-03,0.810252748265583,1.1160949667404552
2021-08-04,-0.49309820805341076,-0.8427339064773776
2021-08-05,0.6312704663876012,1.3018998464378928
2021-08-06,0.16512231684160383,2.0008582632677907
2021-08-09,-0.08140004393917266,0.2638144107114382
2021-08-10,0.12433018804216545,1.048211946348676
2021-08-11,0.2481902561615179,1.1404859910694398
2021-08-12,0.29924623137977946,0.18024476850091453
2021-08-13,0.18180513996144398,-0.7488296512867532
2021-08-16,0.23519783781331682,-0.25959079476725044
2021-08-17,-0.6576954228664,-0.7041073958003796
2021-08-18,-1.1005392547225767,-1.2377060484684232
2021-08-19,0.15473414487665593,-0.7446634493338156
2021-08-20,0.7925507034594048,0.6121237372721744
2021-08-23,0.8757997936029938,0.8191402753916499
2021-08-24,0.15862965724782185,0.6034186915543582
2021-08-25,0.20961135900812167,1.1702286262278427
2021-08-26,-0.5920685234860557,-0.4924202398392197
2021-08-27,0.8901280337149764,1.3162991841120686
2021-08-30,0.4387795946064088,-1.4202887837480027
2021-08-31,-0.14825541025924593,-0.13011226444272772
2021-09-01,0.05311931142335524,-0.574589747643417
2021-09-02,0.3071947401915409,0.3399385605102001
2021-09-03,-0.024285845162363984,-0.6284599368560517
2021-09-07,-0.35817980316936726,-0.6059734267097383
2021-09-08,-0.12190351427090462,-0.2381060318962902
2021-09-09,-0.4289462052245341,0.29094157909330676
2021-09-10,-0.7915692968124333,-0.7423053137395552
2021-09-13,0.2555737990197926,1.1377173159268672
2021-09-14,-0.5410982443989631,-1.350815833149177
2021-09-15,0.8317887354828635,0.9554038309618651
2021-09-16,-0.1586324555698404,-0.29094157909330676
2021-09-17,-0.978891043370389,-0.45136373464624846
2021-09-20,-1.6814731192128285,-2.347097988946656
2021-09-21,-0.09451098456363383,-0.13688952855752667
2021-09-22,0.9707534172035182,1.657456200579821
2021-09-23,1.2076910563991738,2.422580084407322
2021-09-24,0.1645803920109934,0.5246484265795548
2021-09-27,-0.28651780740789334,1.3513717717077878
2021-09-28,-2.0357563775584175,-1.6658282385195289
2021-09-29,0.1681820495518238,0.07868792361267474
2021-09-30,-1.2297789052383656,-1.5860845525426548
2021-10-01,1.1814054396219298,1.638552069178889
2021-10-04,-1.2979655956459446,-0.8687956523846907
2021-10-05,1.0351204602767616,1.9377579110709142
2021-10-06,0.41473331536661107,0.10367407258176087
2021-10-07,0.8608490559823601,0.5940756151456394
2021-10-08,-0.18254308335903247,0.48812524210868347
2021-10-11,-0.726592036715612,-1.0044997498963593
2021-10-12,-0.24647476425530002,-0.3111351796714956
2021-10-13,0.3591084867084149,-0.5729032435021875
2021-10-14,1.6680965462526842,1.6576302122187414
2021-10-15,0.758689598007134,1.4788648382814795
2021-10-18,0.295618229494643,0.025300012105944347
2021-10-19,0.7685219250905817,0.9820200298294779
2021-10-20,0.3920071667274705,0.7985867531606239
2021-10-21,0.26047982849144447,-0.42342314316803353
2021-10-22,-0.10368924805854718,1.3881750245118507
2021-10-25,0.5348569053751362,-0.12315497891837168
2021-10-26,0.08997962958963157,0.07393965335844577
2021-10-27,-0.4440158235953007,-1.6640366385203276
2021-10-28,0.960265446203401,1.2196581237767568
2021-10-29,0.202723386065351,-0.3966142261248251
2021-11-01,0.17185367712855282,0.04966160765307315
2021-11-02,0.40350426543591666,0.24796943569067587
2021-11-03,0.6086644795892049,0.370764298504378
2021-11-04,0.4701437867417724,-1.3162712720878211
2021-11-05,0.34635959182223175,0.04998431710747653
2021-11-08,0.08534875295662658,0.5482053304718626
2021-11-09,-0.33109389184282634,-0.5482053304718626
2021-11-10,-0.8077364700582734,-0.17508035610580563
2021-11-11,0.03234543722649974,0.2750050111544944
2021-11-12,0.7518483460426495,0.22438125124923936
2021-11-15,0.034231973914522484,0.0
2021-11-16,0.3949999781216462,-0.0996697096492749
2021-11-17,-0.2432229400166186,-1.1534512593236457
2021-11-18,0.33906538324597335,-0.5057308890524137
2021-11-19,-0.17898810843393065,-1.0959699225820962
2021-11-22,-0.28190400222349865,1.3997027510499027
2021-11-23,0.13250559703132936,1.5547100385521873
2021-11-24,0.26663636511798927,-0.22420911603950877
2021-11-26,-2.255564563481549,-3.3729476455290897
2021-11-29,1.2191881784861636,0.3090412144063137
2021-11-30,-1.9649222030484914,-2.420418963642179
2021-12-01,-1.1169466070600542,-1.1126219266342385
2021-12-02,1.5200317549369124,2.9398740006132407
2021-12-03,-0.8739509299848791,-1.6430127021683116
2021-12-06,1.1773709263823484,1.5136099516536827
2021-12-07,2.0473831033017476,1.7712979849376254
2021-12-08,0.26444867309241005,-0.5357761123593097
2021-12-09,-0.6774380847835992,-0.20487372216244637
2021-12-10,0.9369411793750615,0.10248932762459972
2021-12-13,-0.8897893687784375,-1.0813648301988277
2021-12-14,-0.6903953400907881,0.5936368019113125
2021-12-15,1.5504292168508904,0.2826760006509055
2021-12-16,-0.88574712643128,1.2495267405325805
2021-12-17,-1.0699936495003115,-2.229433049338869
2021-12-20,-1.0690373162807632,-1.9615185724328743
2021-12-21,1.7603266538070095,2.0499806500082762
2021-12-22,0.9948970957821324,0.46718320320322526
2021-12-23,0.6202835968977638,0.5165489094364428
2021-12-27,1.405298059718607,1.0250985513752475
2021-12-28,-0.0817737911655847,0.05098640049037151
2021-12-29,0.12786286383965617,-0.12750953596856185
2021-12-30,-0.27684681189414917,-0.17876803620988646
2021-12-31,-0.25234265239291176,-0.1790776688297413
2022-01-03,0.5773160099179719,1.221694385934624
2022-01-04,-0.033472760583919126,2.596888069572767
2022-01-05,-1.938905926406953,-1.165251540718426
2022-01-06,-0.09399156771854322,1.4605986839104634
2022-01-07,-0.3961180617352511,1.1727421093936652
2022-01-10,-0.12451939085300623,-0.3406364152910957
2022-01-11,0.9067016201510292,0.8736058526603863
2022-01-12,0.2699947604096309,0.07241748862911734
2022-01-13,-1.3874384127800177,-0.3870032901160947
2022-01-14,0.040884985022859865,-1.0476579932568786
2022-01-18,-1.7868324029319815,-2.2539681032523795
2022-01-19,-1.043791123322091,-1.6925748519998507
2022-01-20,-1.112953491144264,-0.6389952409597832
2022-01-21,-1.9826083547871853,-2.072603566144471
2022-01-24,0.4237679561721386,0.28752421680611207
2022-01-25,-1.228401098846188,0.4167953225045373
2022-01-26,-0.2511918913376654,0.2595990227598044
2022-01-27,-0.49501960144997526,-0.9115926066280533
2022-01-28,2.453206088121007,1.2997425139376073
2022-01-31,1.7850572099955997,0.8742781087155205
2022-02-01,0.6734406662678438,1.3729765908691682
2022-02-02,0.9667114379951158,0.6795246159509993
2022-02-03,-2.378545898207207,-1.1097163775995789
2022-02-04,0.4691095036331916,1.684943919110804
2022-02-07,-0.32144670700935407,0.2987832152820946
2022-02-08,0.8194341036039887,1.3827623400274547
2022-02-09,1.453011066136689,0.6355256531409115
2022-02-10,-1.812910479924934,-0.8810590705929044
2022-02-11,-1.9915647143124104,-1.411080265043596
2022-02-14,-0.32747006101798704,-1.1282582953560105
2022-02-15,1.5997938884958707,1.3523965292437268
2022-02-16,0.11204340039494554,0.07457060956141959
2022-02-17,-2.1592969844339116,-2.5170906333188636
2022-02-18,-0.6496178543604181,-0.02551215721537936
2022-02-22,-1.0789682000024392,-0.5112568036260257
2022-02-23,-1.7897780254566342,-1.758030579224057
2022-02-24,1.4937074389212768,-1.207068382026355
2022-02-25,2.1824058592104123,3.1699217534023827
2022-02-28,-0.2561754107484937,-1.4944652858009722
2022-03-01,-1.5347663708737969,-3.756071453443166
2022-03-02,1.8229360835105624,2.554677634766156
2022-03-03,-0.49911489814427057,-0.31578831935412666
2022-03-04,-0.8157736601283716,-1.889112885570965
2022-03-07,-2.9922375080271735,-3.7213657002249434
2022-03-08,-0.7610568995829681,-0.5871509312406431
2022-03-09,2.6457547616338672,3.6077027053841526
2022-03-10,-0.45256348454847384,-0.8420521201392805
2022-03-11,-1.2796652530533414,-0.7117266866022209
2022-03-14,-0.7335126423368976,1.2558398476842925
2022-03-15,2.175209389618704,1.4008342747898528
2022-03-16,2.193209736708024,2.7702671010989555
2022-03-17,1.2433324748950092,1.2413250333995762
2022-03-18,1.0893047732572825,0.23101111071608393
2022-03-21,-0.02924949100000518,-0.0978504027209226
2022-03-22,1.1633646158188071,1.6102531394496467
2022-03-23,-1.2962160223388253,-1.8682632821425127
2022-03-24,1.4961929425179044,0.7976333571888983
2022-03-25,0.4871792366976102,1.2732509238289058
2022-03-28,0.7087633859293341,-0.2787215254017372
2022-03-29,1.2295019743946867,0.2281177014029634
2022-03-30,-0.6193963173024564,-0.7114059491570401
2022-03-31,-1.5510932827951684,-2.3214902026337025
2022-04-01,0.2830064470932925,-0.26129230396780834
2022-04-04,0.8530001179431146,-0.44579241175828344
2022-04-05,-1.2711713746869968,-0.6327482987130928
2022-04-06,-1.004975010200937,-0.6900085352239405
2022-04-07,0.5026468668424933,-0.10659076646222232
2022-04-08,-0.26776291972971933,1.0079677693403788
2022-04-11,-1.7240105905797165,-0.44966205586267627
2022-04-12,-0.37119373926248755,-1.0929156365588
2022-04-13,1.1388315203916477,0.0
2022-04-14,-1.2529929360759695,-1.1321098098240334
2022-04-18,0.04111194689162545,0.5946154137251192
2022-04-19,1.6013823617766043,1.3649450977703648
2022-04-20,-0.07419645887205562,0.6887398041627968
2022-04-21,-1.5066436280087636,-1.5966373080896101
2022-04-22,-2.7822339664338003,-3.02270365931272
2022-04-25,0.5780645636638049,0.16577174652470106
2022-04-26,-2.938853254441831,-2.5438301915019057
2022-04-27,0.28079733572505816,-0.08496967490403406
2022-04-28,2.494559934293772,1.2670832300539114
2022-04-29,-3.7655860258666074,-3.5021301058531407
2022-05-02,0.6001560835276365,0.028963598365816523
2022-05-03,0.45734853816759014,1.2951879060092875
2022-05-04,2.999830854001484,3.0138758773208263
2022-05-05,-3.6189661081070135,-2.9567187268279227
2022-05-06,-0.5986767269574145,-0.7170588656307153
2022-05-09,-3.254117270498913,-2.4181662674801263
2022-05-10,0.23078331070758296,-0.8886366963719361
2022-05-11,-1.6013718016719025,-0.9266140312656379
2022-05-12,-0.10442959951753039,-0.7535812934770902
2022-05-13,2.3626570961823745,1.4418784588644762
2022-05-16,-0.4065788556461669,-0.8385794917836087
2022-05-17,2.0361601126523965,2.641502356814085
2022-05-18,-4.114659416607314,-2.7919923829390125
2022-05-19,-0.6143469350996966,-0.6648524632834274
2022-05-20,0.043646662749807774,-0.18211014298388228
2022-05-23,1.853712368620375,3.1986290333752
2022-05-24,-0.7663089624051267,-0.20616131383874858
2022-05-25,0.8796146804759708,0.7928307851030159
2022-05-26,1.978448723560966,2.2843261251774827
2022-05-27,2.425241947170864,1.6726193096869846
2022-05-31,-0.5626628886122198,-0.2815103179585776
2022-06-01,-0.8121503127506813,-1.620057993290569
2022-06-02,1.8864495889359567,1.366000845479265
2022-06-03,-1.6547798433824035,-1.4519935079133628
2022-06-06,0.3040115496836471,0.28637070322328206
2022-06-07,0.9546662668886263,0.7691224789991846
2022-06-08,-1.093172251476382,-1.7750284793672133
2022-06-09,-2.4070242551814225,-2.5451332052692788
2022-06-10,-2.942443811403539,-3.6817640027481335
2022-06-13,-3.870768326556462,-3.027215741778111
2022-06-14,-0.3017841979512603,-0.8591911072394431
2022-06-15,1.4155715391024337,1.1123585941986036
2022-06-16,-3.365604484615048,-2.560954849418451
2022-06-17,0.2153297507961227,0.2914028607067465
2022-06-21,2.4862043686066038,1.9760591608471323
2022-06-22,-0.18147963716810267,-0.22333176282098854
2022-06-23,0.9754956672805903,-0.38398420617089535
2022-06-24,3.1298841327286553,3.620726701529353
2022-06-27,-0.38270643941329396,-0.3407229413227686
2022-06-28,-2.0644315920039347,-0.9978256407884523
2022-06-29,-0.08146567083713308,-0.5656819157565884
2022-06-30,-0.8157656711566652,-0.8863461313860732
2022-07-01,1.0521224213328573,1.3579686041007122
2022-07-05,0.18865541381725137,-0.34563499204285364
2022-07-06,0.3371756023262229,-0.2521274679666785
2022-07-07,1.4865963203138932,1.4411293380576229
2022-07-08,-0.08229603158813603,-0.21796439470871398
2022-07-11,-1.1489240341709284,-0.8137808057499196
2022-07-12,-0.8888427319870829,-0.6305159250233228
2022-07-13,-0.5265451801910181,-0.889462746621783
2022-07-14,-0.24313881810495985,-1.9330599076319732
2022-07-15,1.8924767158191358,3.3272427872912846
2022-07-18,-0.8291164680022334,-0.37830107793364043
2022-07-19,2.6660614140358696,2.956491334948508
2022-07-20,0.6353134195025589,0.367294351880032
2022-07-21,1.0131596886303385,0.6395938869296458
2022-07-22,-0.9321591808145513,-0.5784769987958516
2022-07-25,0.12142658090628089,0.6391611303746991
2022-07-26,-1.1901577619353176,-1.4054632234584474
2022-07-27,2.5634934151606004,1.526739622747586
2022-07-28,1.246458885550794,0.7246715764737566
2022-07-29,1.447356964572144,1.4040292994885295
2022-08-01,-0.2965898734944794,-0.8340738444812867
2022-08-02,-0.6619044230752991,-1.1129600599690814
2022-08-03,1.5538131788419562,1.5010774274827554
2022-08-04,-0.06758531798878309,-0.328322441326101
2022-08-05,-0.16917117202659426,0.7149332390318897
2022-08-08,-0.11614339083552139,-0.059374874849149606
2022-08-09,-0.39790268241031157,0.5036264091042408
2022-08-10,2.0786388769098885,2.2210178056452534
2022-08-11,0.0,1.177990065409329
2022-08-12,1.6787305327800262,1.5587599795278795
2022-08-15,0.41124275980655156,-0.02809324503010302
2022-08-16,0.1956854392562768,0.7286899421270476
2022-08-17,-0.7123330900937752,-0.5039019078179496
2022-08-18,0.29021941931759443,0.1121876979065295
2022-08-19,-1.3528965928934156,-2.010571825723906
2022-08-22,-2.104237285651678,-2.2271048626052004
2022-08-23,-0.24223093805382234,-0.41033055068666613
2022-08-24,0.31959189139065813,0.527252466137007
2022-08-25,1.4018961883459191,1.5364957974103088
2022-08-26,-3.443527603671015,-3.037610420027237
2022-08-29,-0.6634095882240842,-0.7142947218005347
2022-08-30,-1.1038749487750188,-0.5390893978880928
2022-08-31,-0.7638021121838534,-0.7536099746340952
2022-09-01,0.31330288026971687,0.3021319836605585
2022-09-02,-1.0600420678842148,-0.7874041386132458
2022-09-06,-0.3780309163053275,-0.2435375350825275
2022-09-07,1.7805533899299064,1.9617190881803026
2022-09-08,0.6515027517807859,1.747946852657556
2022-09-09,1.541590169628293,0.9062865763714179
2022-09-12,1.0690230454062366,0.8116488600511396
2022-09-13,-4.445621988406057,-3.7951754568498863
2022-09-14,0.38085478496556746,-0.3002807137532759
2022-09-15,-1.1418319781929753,0.3302635223700445
2022-09-16,-0.7658088530746454,-0.903325646385289
2022-09-19,0.7725170554513383,1.1277949707842794
2022-09-20,-1.154492972205734,-1.4841878561053345
2022-09-21,-1.7597953314461456,-2.0969123446799465
2022-09-22,-0.8435200398122511,-1.6970833360554494
2022-09-23,-1.689689405264616,-1.5974935190148365
2022-09-26,-0.9941863679850726,-1.5906703693035595
2022-09-27,-0.25560781210982597,-0.42629243676057804
2022-09-28,1.9485299367486775,1.9525424951399195
2022-09-29,-2.1110182128445842,-1.2648105480359106
2022-09-30,-1.5584375183420818,-0.9180443532732507
2022-10-03,2.6058661150274,2.665092855365936
2022-10-04,3.0516136198878385,3.652812820881035
2022-10-05,-0.23307691035823197,-0.7760536089433057
2022-10-06,-1.0369346412702818,-1.4122295652627237
2022-10-07,-2.829030664944643,-2.3989672819260566
2022-10-10,-0.766464525373145,-0.4542472352669691
2022-10-11,-0.6353285527363361,-1.276407984847916
2022-10-12,-0.3303592333659289,-0.2308173339367503
2022-10-13,2.6048768063742678,4.043881934538662
2022-10-14,-2.305247377490005,-1.694678065297861
2022-10-17,2.5372378835111675,2.4842113482848482
2022-10-18,1.1681057488247326,1.5915259226867207
2022-10-19,-0.7111656866308103,-1.6544653019767264
2022-10-20,-0.8420671224881104,-1.618318083528214
2022-10-21,2.4010975238875965,2.9316398214299433
2022-10-24,1.21620960955644,1.3269733816478002
2022-10-25,1.5842410976811827,1.1884985466557918
2022-10-26,-0.7562711374134778,0.24205897838323054
2022-10-27,-0.535438601160898,0.8126471017550152
2022-10-28,2.3512382666846854,2.457567435146446
2022-10-31,-0.7249499809007354,-0.6161151778959706
2022-11-01,-0.43854407164412024,0.2645278935782702
2022-11-02,-2.5416555901072613,-1.270149691783029
2022-11-03,-1.0350218099052455,-1.015843446769571
2022-11-04,1.42904242306221,1.815268961787453
2022-11-07,0.9520128124571592,0.9976544580200031
2022-11-08,0.538101071617092,0.5822464837110353
2022-11-09,-2.0817456289527136,-1.6979544268181712
2022-11-10,5.349755422846059,4.9254204403232915
2022-11-11,0.9631785900534595,0.8117682148852445
2022-11-14,-0.8543064304618042,-1.432010370255643
2022-11-15,0.8492826924963559,0.22599003746623936
2022-11-16,-0.7657896428512778,-0.4808436621685619
2022-11-17,-0.30645825717501296,-0.540169331170004
2022-11-18,0.45301727845474815,0.8232910703660945
2022-11-21,-0.36429671118698437,0.31052571168537213
2022-11-22,1.3367401346274121,1.009492081412855
2022-11-23,0.6281899399007251,0.4177093333336934
2022-11-25,-0.022373213023030303,0.33286191076640215
2022-11-28,-1.608570937883247,-1.7318793972399327
2022-11-29,-0.1719106119757008,0.5899669109406425
2022-11-30,3.101471363842201,1.694261693034571
2022-12-01,-0.07359216479096986,-0.5800491587907519
2022-12-02,-0.11544897362911755,-0.4720318655084377
2022-12-05,-1.8153028206080002,-2.5082159683891714
2022-12-06,-1.4519632771256674,-0.8886535228830539
2022-12-07,-0.17026516709721662,-0.4039324867386451
2022-12-08,0.7803381667773834,0.08670194102573525
2022-12-09,-0.7498479304720362,-0.26031994019488636
2022-12-12,1.4314488004989911,1.3233812270230683
2022-12-13,0.7541324341387323,0.2568904601564448
2022-12-14,-0.6414176485464829,-1.2622038760382814
2022-12-15,-2.476571368822089,-1.982583459616638
2022-12-16,-1.1876476774611788,-0.7685267866395673
2022-12-19,-0.8515894708868821,-0.2691046160425703
2022-12-20,0.13673523248760588,0.4182781952165815
2022-12-21,1.484185989183917,1.5384732016394675
2022-12-22,-1.4368736482821554,-0.8847164307411948
2022-12-23,0.5735747036457184,0.5612514316964301
2022-12-27,-0.39512347404091486,-0.029456779856751325
2022-12-28,-1.2505904098793152,-0.35419552466313675
2022-12-29,1.7840330250209924,1.380125114947317
2022-12-30,-0.26375179324142906,-0.26281224062696396
2023-01-03,-0.4218819478294833,0.3502786875395181
2023-01-04,0.769052770740597,1.5898673352904957
2023-01-05,-1.147895414301825,-0.7484343306710439
2023-01-06,2.2673022242518215,2.200424365949205
2023-01-09,-0.05670665454085011,-0.3681399291412646
2023-01-10,0.698842721223869,0.5657899855265214
2023-01-11,1.2568622627436632,0.9265785289719108
2023-01-12,0.3634112559584679,0.1954313955573106
2023-01-13,0.38719824162418703,0.7503384024399207
2023-01-17,-0.18336729948407182,-0.6666876528842014
2023-01-18,-1.5913868806577192,-1.8849915298712272
2023-01-19,-0.7306595836443996,-1.171273279120033
2023-01-20,1.8457608653590363,1.5680979067935308
2023-01-23,1.1927291880228452,1.1531544880264644
2023-01-24,-0.10739201985652258,0.05593026905823528
2023-01-25,0.037474692892836,0.7795113248325158
2023-01-26,1.0930507859037597,0.525513788386256
2023-01-27,0.22949967766194845,0.0
2023-01-30,-1.262613792731937,-0.4977885585118358
2023-01-31,1.4596243779882556,1.3493261739732976
2023-02-01,1.0571754215757956,0.0
2023-02-02,1.4452220779528346,0.2731470967597627
2023-02-03,-1.0686201483740554,-0.19113119758102926
2023-02-06,-0.6129936282349924,-0.027309159819122186
2023-02-07,1.2993772917291757,1.1415903293735763
2023-02-08,-1.099514574513183,-0.5963486965451459
2023-02-09,-0.8706892737007976,-1.1210056463768936
2023-02-10,0.2330971797385395,0.3294248465184779
2023-02-13,1.167075018709962,1.1444117335015047
2023-02-14,-0.04605396262133965,-0.5433379371750036
2023-02-15,0.3242247918781693,0.10892591513673722
2023-02-16,-1.386446226586724,-1.0119134882531355
2023-02-17,-0.2501316563467526,0.027481388444217103
2023-02-21,-2.0265017351668746,-2.0825554126437495
2023-02-22,-0.1378836258611571,-0.1122751121106269
2023-02-23,0.5305200571821267,0.084260499388078
2023-02-24,-1.0739803939991077,0.08412185837785024
2023-02-27,0.3399996612753142,-0.02804404434262331
2023-02-28,-0.37028180027398605,0.19616588205173535
2023-03-01,-0.3843427162473212,-0.3365041954750403
2023-03-02,0.7747283474332178,-0.47867426516470246
2023-03-03,1.591058820306035,1.5682260613880672
2023-03-06,0.06924543112196702,0.08331428836862997
2023-03-07,-1.544729639622222,-2.6158180809983556
2023-03-08,0.1630694663519172,-0.37118808423763916
2023-03-09,-1.8622188096184544,-4.1465607231263135
2023-03-10,-1.453472835561076,-1.8354649514449317
2023-03-13,-0.14260440613727,-4.027819177059477
2023-03-14,1.6394985098767911,2.003206418651482
2023-03-15,-0.6273968630618576,-2.7011673537707726
2023-03-16,1.739287066442774,1.8921994928057018
2023-03-17,-1.176150946332033,-3.270646360701601
2023-03-20,0.9569682577065031,1.1065200833199285
2023-03-21,1.304497170915031,2.5028897237974856
2023-03-22,-1.719338991356345,-2.34261768786741
2023-03-23,0.2699771570585874,-0.6749156064716821
2023-03-24,0.6540551493274371,-0.06451465219723396
2023-03-27,0.18680171219784825,1.378012947263585
2023-03-28,-0.22472022136073022,-0.031843942647302725
2023-03-29,1.443027884054171,1.4538924332275993
2023-03-30,0.5838149766230316,-0.21989768982781932
2023-03-31,1.3996385439217995,1.094634799894001
2023-04-03,0.3803210225033382,0.18644075885987377
2023-04-04,-0.5563344903061207,-0.9357495647873026
2023-04-05,-0.2621827194512427,-0.12542830413875272
2023-04-06,0.38930448596774525,0.3758264451198645
2023-04-10,0.10261400905653417,0.21858053808543332
2023-04-11,0.02683872470159443,0.8695693181207442
2023-04-12,-0.40842182169393837,-0.2166922208034272
2023-04-13,1.3195091029066575,0.894651508351263
2023-04-14,-0.24455625971464556,0.9780171172561136
2023-04-17,0.3581911198809351,1.1490820502837007
2023-04-18,0.06519893353109651,0.300203480190131
2023-04-19,-0.01690643616276688,0.23951558836619036
2023-04-20,-0.5472019037560116,-0.2994842299863798
2023-04-21,0.07766614072570732,-0.360599159751418
2023-04-24,0.10424760490064244,-0.24110373421368791
2023-04-25,-1.6000959911137258,-1.7349240009079558
2023-04-26,-0.4244497348196319,-0.9563574504307226
2023-04-27,1.9712167025535798,1.5990564871571245
2023-04-28,0.8499084062769668,1.1827371776740314
2023-05-01,-0.10102349020062462,-0.27170411144457063
2023-05-02,-1.1302962040487863,-2.2933240306207026
2023-05-03,-0.6887759609051081,-1.1510642637532875
2023-05-04,-0.7108119273025792,-1.2911361702357294
2023-05-05,1.8343281995599092,2.442200433989017
2023-05-08,0.02665769229865944,0.154513546125834
2023-05-09,-0.43948600451315656,-0.3712790688917167
2023-05-10,0.4661442738549404,-0.5595161213082012
2023-05-11,-0.174544755202799,-0.15599709380902382
2023-05-12,-0.1311145686868187,-0.40669233627315116
2023-05-15,0.3444202124346596,0.8117373831210362
2023-05-16,-0.6705256906711199,-0.9372050381294184
2023-05-17,1.2065888132803515,1.988876439824283
2023-05-18,0.95871595511694,0.7357620367005158
2023-05-19,-0.1456181290079961,-0.428543021082195
2023-05-22,0.04060453627614535,0.18388183860413854
2023-05-23,-1.1286232005452312,-1.170322234106136
2023-05-24,-0.7271132044862405,-1.3096550599406065
2023-05-25,0.8622474966042404,-0.03138524069785653
2023-05-26,1.2867587414573833,0.8130002153060367
2023-05-30,0.038076701308664695,-0.031147083732729897
2023-05-31,-0.556071138974179,-1.0648274797766977
2023-06-01,0.945628934752385,1.0648274797766977
2023-06-02,1.4357554991903498,2.157248506398668
2023-06-05,-0.19179411433434268,-0.5196224185640919
2023-06-06,0.21750683096302126,1.2486794149535463
2023-06-07,-0.34636479978669144,0.39269347756634154
2023-06-08,0.6030107492410508,-0.0905122134924774
2023-06-09,0.17928466386418762,0.03019393267438275
2023-06-12,0.9030968615645563,-0.03019393267438275
2023-06-13,0.6571194369116462,0.6017028939651059
2023-06-14,0.11902888681118995,-0.390693298941569
2023-06-15,1.2321345095019254,1.3162078923661724
2023-06-16,-0.34121284558299436,-0.20824163116941463
2023-06-20,-0.520155119894028,-0.7506344534767173
2023-06-21,-0.5136923155296458,-0.12064465114742795
2023-06-22,0.3603160666743932,-0.7876157027128627
2023-06-23,-0.7588691979250939,-0.4266974139794488
2023-06-26,-0.40940414488925825,-0.21405477152933727
2023-06-27,1.0903451427303423,0.792700923469436
2023-06-28,0.05044085887400129,-0.24324591641540216
2023-06-29,0.39334680896221386,1.7202774043091562
2023-06-30,1.1731864984947826,0.8640047563414299
2023-07-03,0.11496758449212052,0.5620542344330293
2023-07-05,-0.14881555751555808,-0.20668727556967248
2023-07-06,-0.7861521629277668,-0.8609562975749441
2023-07-07,-0.25279806038112085,0.14897875138570882
2023-07-10,0.25279806038112085,0.44556192950575557
2023-07-11,0.6348154725505317,1.1785575884240451
2023-07-12,0.8013878839622457,0.6423402992091098
2023-07-13,0.7905609561007942,0.34864453077174673
2023-07-14,-0.06230960594502122,-0.6692931109204103
2023-07-17,0.3466070733279203,0.9589007156884488
2023-07-18,0.7403284470998805,1.1215207943948258
2023-07-19,0.222130659596953,0.42798243618249465
2023-07-20,-0.6656697011177215,0.7376049758482939
2023-07-21,0.0,-0.33973801190598785
2023-07-24,0.4457511752693044,0.9596463428635627
2023-07-25,0.2726148743935397,-0.6481795452750738
2023-07-26,0.015385925945388124,0.5919786964375451
2023-07-27,-0.6652151420623476,-1.272828675601545
2023-07-28,0.9742700454377307,0.199057712929962
2023-07-31,0.19022098824406086,0.36866126177312886
2023-08-01,-0.28655748670871617,0.0
2023-08-02,-1.400857356127272,-0.8527746292326555
2023-08-03,-0.28698500670829574,0.05707162438812752
2023-08-04,-0.4533138062026154,-0.40023274483789173
2023-08-07,0.86907465856223,1.3938676905034253
2023-08-08,-0.43581104690595396,-0.9080714905775444
2023-08-09,-0.6707688034791381,-0.7439477778032888
2023-08-10,0.03587397458888475,0.08613984433822885
2023-08-11,-0.05833187728105926,0.20065541653861985
2023-08-14,0.5504852667910676,-0.20065541653861985
2023-08-15,-1.1717102976254168,-1.8535151490196355
2023-08-16,-0.7365263484302886,-0.14627678696088608
2023-08-17,-0.7649020203609247,-0.49887731429323345
2023-08-18,0.048103482782746454,-0.029439244766393813
2023-08-21,0.6485375421310557,-0.11780848957960721
2023-08-22,-0.2712321488408165,-0.9472726398043196
2023-08-23,1.1076250792312337,0.976758322699256
2023-08-24,-1.3956123523237274,-0.3540616091902482
2023-08-25,0.7025101429145586,0.47182366064131287
2023-08-28,0.6321289271501662,0.5574137078575792
2023-08-29,1.4351321388560656,0.9029018339733241
2023-08-30,0.4110378991654784,0.057930260012817314
2023-08-31,-0.1464455156791722,-0.3773914278386581
2023-09-01,0.18634800900079185,0.8976383087275774
2023-09-05,-0.43311687215954464,-1.0140637233119865
2023-09-06,-0.6745379333253254,-0.05825196326778581
2023-09-07,-0.307492457467351,-0.2625720388946373
2023-09-08,0.15051003035146948,0.2042861229355264
2023-09-11,0.6555023151930683,0.46538512981362246
2023-09-12,-0.5500666789081343,0.6652164727252607
2023-09-13,0.11651964258447833,0.0
2023-09-14,0.8585509092235988,0.918211050649953
2023-09-15,-1.21214657668407,-0.5154337269621667
2023-09-18,0.0586244386842516,0.2736003270173093
2023-09-19,-0.2075975924088702,-0.11510891223807107
2023-09-20,-0.9235913718130817,-0.6934384382816461
2023-09-21,-1.6666354010541617,-1.6664642109423866
2023-09-22,-0.22511672499252455,-0.7694688128452754
2023-09-25,0.4196485480969514,0.23739087611138743
2023-09-26,-1.480036526537365,-1.3427022386514054
2023-09-27,0.03990587765123621,-0.15029154354682106
2023-09-28,0.5780834631970322,0.7194158176657695
2023-09-29,-0.24299017426923086,-0.9302532236310057
2023-10-02,-0.039794457220665436,-0.8477085617688562
2023-10-03,-1.3476361686395322,-1.593654598814398
2023-10-04,0.7255559399572675,0.7386802034641704
2023-10-05,-0.03769276849583392,0.4589127045618646
2023-10-06,1.1802971293692899,0.8510704039518036
2023-10-09,0.638168576649889,0.060538911005547646
2023-10-10,0.5191440560659011,0.7233127680144058
2023-10-11,0.4087870158128837,0.15002694284240725
2023-10-12,-0.6115110098297016,-0.6316696416411638
2023-10-13,-0.4993227346328233,0.21101015604227946
2023-10-16,1.0466418778065645,1.0483877436035627
2023-10-17,-0.004585163142145632,0.47562924924404726
2023-10-18,-1.3414727071156207,-1.7350271488898894
2023-10-19,-0.8825168820850493,-1.3365930360100808
2023-10-20,-1.2364199277791421,-1.540857617039837
2023-10-23,-0.17347647887451245,-0.6230480043708297
2023-10-24,0.7511059883626992,0.6851656959819596
2023-10-25,-1.445609058421038,-0.37315645856170754
2023-10-26,-1.204688255266717,-0.21830234804687265
2023-10-27,-0.454299502587574,-1.827388691483467
2023-10-30,1.1884910583880526,1.7649147925353326
2023-10-31,0.626060337362766,1.0874894052480322
2023-11-01,1.0608226048089087,0.6468460606121607
2023-11-02,1.898293835349385,2.336621977260389
2023-11-03,0.9082105529061302,1.3111029758299253
2023-11-06,0.22978035569147792,-0.29647478164327445
2023-11-07,0.28420611716653,-0.14856765849629028
2023-11-08,0.07321351155162859,0.1188835652578657
2023-11-09,-0.7829376251478948,-0.41668269686327974
2023-11-10,1.5484390987360541,1.1269493801932207
2023-11-13,-0.09537587885022347,-0.14755922201921123
2023-11-14,1.9215117468179166,1.8724878169142922
2023-11-15,0.21146004550613995,0.5491956037806389
2023-11-16,0.12223525974333072,0.40280010602198324
2023-11-17,0.12430706118742307,0.5154354479864232
2023-11-20,0.7668205861294908,0.39911442952047516
2023-11-21,-0.21817470380929294,-0.05692698237975691
2023-11-22,0.38534116931483453,0.39775375190118645
2023-11-24,0.061515087437236105,0.31138585575591904
2023-11-27,-0.18024592571483922,-0.3397653316214999
2023-11-28,0.09895330569769101,-0.02835375942962237
2023-11-29,-0.0703879782832928,0.7067115692032111
2023-11-30,0.3929897099816948,1.1204584378350813
2023-12-01,0.5898408579474435,0.7492595405858893
2023-12-04,-0.5263193748307415,-0.11064006879419885
2023-12-05,-0.019712099304136643,-0.49945044371106917
2023-12-06,-0.40379012217961474,-0.5019352899972684
2023-12-07,0.7601447690650076,0.4741147661980527
2023-12-08,0.4289909982508888,0.5272709675102849
2023-12-11,0.3882048462301668,0.6070711334646095
2023-12-12,0.4556867901530204,0.7127392795231113
2023-12-13,1.3695822935358315,1.59872548914608
2023-12-14,0.32043437881243975,0.989686547999602
2023-12-15,-0.16479905739581469,-0.5872893399371026
2023-12-18,0.5609370189982421,0.33308899299813177
2023-12-19,0.6062453400020651,0.7480590534610698
2023-12-20,-1.39542243634585,-1.7994158090409051
2023-12-21,0.9437219235016947,0.9708882883390224
2023-12-22,0.20077232757591545,0.21446000376879049
2023-12-26,0.4213652175096172,0.4009007418579458
2023-12-27,0.18063713058120712,0.3195800041387198
2023-12-28,0.037778903596574764,0.2920590747930607
2023-12-29,-0.28992449404139364,-0.3186465169195962
2024-01-02,-0.5612103667722579,0.4246263291541208
2024-01-03,-0.8199989663125962,-0.8510634252278049
2024-01-04,-0.3226425307868652,0.39984258314640364
2024-01-05,0.13687015220043008,0.4247494921949535
2024-01-08,1.4175016009974506,0.6337501554475988
2024-01-09,-0.15182797494990297,-0.6337501554475988
2024-01-10,0.5639558276373968,0.1588066404993871
2024-01-11,-0.044069053813000636,-0.37096635405253764
2024-01-12,0.0692407739593115,-0.18599526571452252
2024-01-16,-0.367790366175047,-0.69389330387013
2024-01-17,-0.5574245623104268,-0.18764058102669345
2024-01-18,0.8853425196637232,0.16086086402724575
2024-01-19,1.2389103004521118,1.594503742410991
2024-01-22,0.21120518192470072,0.47343413741276485
2024-01-23,0.29123285063681337,0.15731804555469964
2024-01-24,0.10925727766766258,0.3922208937554128
2024-01-25,0.5424083292647097,0.49460324266745737
2024-01-26,-0.12711545057664253,0.3628790223955125
2024-01-29,0.7888095693230568,0.2583823495284854
2024-01-30,-0.07735270997564214,1.2565955091290437
2024-01-31,-1.6452021314492526,-1.2307868236856034
2024-02-01,1.3003147599585319,0.1546717026994493
2024-02-02,1.0472523763920272,0.411319107527941
2024-02-05,-0.36479361768799734,-0.5917994956708306
2024-02-06,0.28990996511062406,0.2062527112719703
2024-02-07,0.8305804378600179,0.74404819460554
2024-02-08,0.04416510140750063,-0.3841644147761336
2024-02-09,0.5762824472143713,0.2818708498098843
2024-02-12,-0.04391126191025663,0.45952439023877467
2024-02-13,-1.3868816318248989,-1.3591385066146433
2024-02-14,0.9046689646543093,0.9507891274403324
2024-02-15,0.6875917613889726,1.699044855151266
2024-02-16,-0.4992423999654605,-0.35264160395769295
2024-02-20,-0.552050716000263,-0.27795344235266306
2024-02-21,0.0905417391415142,0.3031691797564129
2024-02-22,2.04842329008903,1.1537438935826483
2024-02-23,0.06894399534163043,0.49752255376271926
2024-02-26,-0.36692144952894523,-0.49752255376271926
2024-02-27,0.18558991527735103,0.2739387600728893
2024-02-28,-0.13224591766238802,0.37236894011853927
2024-02-29,0.3588451188289099,-0.04956719330739823
2024-03-01,0.934454195051071,-0.12401087842541791
2024-03-04,-0.10729701735954222,0.24787793685461246
2024-03-05,-1.0044495658969588,0.024760875128704285
2024-03-06,0.5054421313091417,0.5184601618338558
2024-03-07,0.9877652478228249,-0.14786852051273947
2024-03-08,-0.6020342567088832,0.17247582821005025
2024-03-11,-0.0860290465595881,0.17217886121962955
2024-03-12,1.070004096794186,0.4169351400877819
2024-03-13,-0.15687360793688043,0.7315165486146302
2024-03-14,-0.1978864597534269,-0.8049711178321317
2024-03-15,-0.6890222494845943,-0.09800729777218464
2024-03-18,0.5925560342371128,0.5717090170362038
2024-03-19,0.5541628089186013,0.48817482087324393
2024-03-20,0.9206944260736982,1.1860290211898494
2024-03-21,0.3299140030712522,0.8147602141012733
2024-03-22,-0.18975301378141296,-1.1521927121848297
2024-03-25,-0.27668755194483197,-0.3870365266338993
2024-03-26,-0.1848444272237515,0.3387388019580051
2024-03-27,0.8368725173441227,1.1766211346043054
2024-03-28,-0.01911638733469445,0.5475763205009088
2024-04-01,-0.1741398388491966,-0.5475763205009088
2024-04-02,-0.637838117069478,-0.5265712827646762
2024-04-03,0.10979414056331294,-0.047989004810133906
2024-04-04,-1.2281127169429418,-1.1348811053710772
2024-04-05,1.0392569660799822,0.9426092891968718
2024-04-08,0.05592883114804437,0.4320811026212734
2024-04-09,0.11559838138968104,-0.5765303288614909
2024-04-10,-1.00634863429514,-1.504870281092252
2024-04-11,0.7518591932832663,-0.7117401797964273
2024-04-12,-1.3899313984611972,-1.3389695638421184
2024-04-15,-1.2607177565992167,-0.5005135333974398
2024-04-16,-0.18255379975800068,-0.6796683915480717
2024-04-17,-0.5935822699166593,0.2522617325951604
2024-04-18,-0.20598467928225617,0.35211457276433933
2024-04-19,-0.8766688511051335,1.3714177460750765
2024-04-22,0.9167061910420493,1.206154474323018
2024-04-23,1.179669101645242,0.6341704556426464
2024-04-24,-0.047472002412707326,-0.02432578115763029
2024-04-25,-0.38061433600500294,-0.5853604856723926
2024-04-26,0.9429290275657642,-0.14687948788645322
2024-04-29,0.35352964418171595,-0.14710519254439447
2024-04-30,-1.5968090822358505,-0.9861861927843663
2024-05-01,-0.3252434588917552,0.0
2024-05-02,0.9309996295354672,0.24743551639541117
2024-05-03,1.2319165078220173,0.2222055978695625
2024-05-06,1.0273836955982496,1.2742203910108607
2024-05-07,0.11026425373472648,0.34029368904739954
2024-05-08,0.009677321187240295,0.36334913497300114
2024-05-09,0.5745451940871504,0.7467058262496273
2024-05-10,0.12871547391357652,0.3832451037339535
2024-05-13,0.013425343870565598,-0.4072367274583488
2024-05-14,0.4577760924489027,0.5028072028657959
2024-05-15,1.230698450440748,0.7376627474185327
2024-05-16,-0.20596643455439434,0.0
2024-05-17,0.14366012894226898,0.7322611057132722
2024-05-20,0.115138261230463,-1.3744258544638122
2024-05-21,0.24495314252233058,0.64216474875054
2024-05-22,-0.28836815890089795,-0.5706080862128537
2024-05-23,-0.7330724577204073,-1.3925760665967069
2024-05-24,0.6594480123547797,0.6026129424836046
2024-05-28,0.06986013619645348,-1.1116454344703097
2024-05-29,-0.7027087116654229,-0.8051804519807693
2024-05-30,-0.6655864856056404,0.537506672857857
2024-05-31,0.9066908176913024,1.4514010563955182
2024-06-03,0.08149473422349729,-0.6263598735260167
2024-06-04,0.1117354267082149,-0.46021840417118653
2024-06-05,1.1814975961931928,0.29091057226753314
2024-06-06,-0.001870945675452873,-0.04841683569738464
2024-06-07,-0.12162807591575842,0.4590778584419919
2024-06-10,0.30850289978756607,-0.38645663245282513
2024-06-11,0.24053242762516192,-1.1439873333723316
2024-06-12,0.8179420395108217,-0.09794834379306394
2024-06-13,0.2011508440890708,-0.0735580325787133
2024-06-14,0.0608135717574676,-0.3192846568123908
2024-06-17,0.7927489938320598,0.8816949786862871
2024-06-18,0.25375970736654097,0.6320028085850637
2024-06-20,-0.2720341591681219,0.5316613830607331
2024-06-21,-0.13417201132757128,-0.38638227059122343
2024-06-24,-0.32558074186299635,1.0222800811215293
2024-06-25,0.38434532800630805,-0.7481569018168432
2024-06-26,0.12472593151322542,-0.6318425408692097
2024-06-27,0.15752821899139846,-0.12197309626236219
2024-06-28,-0.39428681088713446,0.34113330111682494
2024-07-01,0.20560026099207818,0.2186904537708756
2024-07-02,0.6707196031388918,1.1583179972187718
2024-07-03,0.4452703659563184,-0.3123904268007127
2024-07-05,0.5749907876922755,-0.02406977681435052
2024-07-08,0.11531627259042665,-0.26516008369172894
2024-07-09,0.09720073332113444,0.7694127405088569
2024-07-10,0.9846668354303034,0.3825210866871043
2024-07-11,-0.8660003236682812,0.7843104417370572
2024-07-12,0.6287846722514701,0.330875111354878
2024-07-15,0.2746345555927121,1.452362473644131
2024-07-16,0.5912567187981388,1.1330944043143276
2024-07-17,-1.4120399731959665,0.7559327625501489
2024-07-18,-0.7714493556740365,-1.2168685892080422
2024-07-19,-0.6662864594185081,-1.0216074183656776
2024-07-22,1.025714072539774,0.5585371310544041
2024-07-23,-0.15696404087108817,0.18547280768479446
2024-07-24,-2.292321911981965,-1.3760951599798954
2024-07-25,-0.5224012962329994,0.37506028707512407
2024-07-26,1.113745815557543,1.555452334794305
2024-07-29,0.05873780491212344,-0.13831872404099776
2024-07-30,-0.5079227231497008,1.146795416344526
2024-07-31,1.6123894118010185,-0.25115611746224786
2024-08-01,-1.4262021983354245,-1.427614814906919
2024-08-02,-1.8794005625575316,-2.488969081864134
2024-08-05,-2.955621368722028,-2.943531279817524
2024-08-06,0.9177344398684006,1.603147745087874
2024-08-07,-0.6706493759699228,0.120416303313986
2024-08-08,2.285427478434787,1.5996371506839413
2024-08-09,0.43998243648273316,0.42545080194345
2024-08-12,0.05252032507048199,-0.5202169703292014
2024-08-13,1.631177905256198,0.8263359909409296
2024-08-14,0.31498710250081885,1.215263195367866
2024-08-15,1.6995123183211724,0.9248606802350956
2024-08-16,0.22394696673835313,0.733782425697127
2024-08-19,0.951572757570851,0.5468292475322656
2024-08-20,-0.1627214875406402,-0.3186365977796868
2024-08-21,0.3430772700339091,-0.15967747887368766
2024-08-22,-0.7879539401688618,0.5691504129994307
2024-08-23,1.0569257539537524,0.8589560641492966
2024-08-26,-0.23867370393961806,0.31460917175496483
2024-08-27,0.1372267958030804,0.5147131602067478
2024-08-28,-0.5822166247760663,0.24522960490971357
2024-08-29,0.00895182101512404,0.8867258908747733
2024-08-30,0.9500711609878643,0.9445660692998903
2024-09-03,-2.0793694359302783,-0.7461183366463509
2024-09-04,-0.2048861504030164,0.11006923136793745
2024-09-05,-0.24353413596447382,-1.1062086270034577
2024-09-06,-1.697316765694179,-1.4791794032762873
2024-09-09,1.1133986518941263,1.4791794032762873
2024-09-10,0.43462129415692274,-1.028636220382717
2024-09-11,1.0206681706174336,-0.47312371483712035
2024-09-12,0.8387895979129922,0.22557620084993069
2024-09-13,0.5209369725192481,0.2924991925709719
2024-09-16,0.14757015029021048,1.2946511432998076
2024-09-17,0.040859629146527965,0.5308720500524
2024-09-18,-0.2970358585717925,-0.3093349338088469
2024-09-19,1.6920528075937469,1.1003487332117867
2024-09-20,-0.17301316421134416,-0.06567149075533685
2024-09-23,0.24957077902580949,-0.12095521563995071
2024-09-24,0.28572465498371,-0.8397859659166063
2024-09-25,-0.22078883024931883,-0.6010003504245187
2024-09-26,0.39568002149561465,0.512192464897332
2024-09-27,-0.1451524521008274,0.28834421947339095
2024-09-30,0.3999330024163861,0.3758133571908573
2024-10-01,-0.8998800666687679,-0.5309796368861086
2024-10-02,0.042199271965159824,0.11086503466102293
2024-10-03,-0.1829849680571094,-0.5332210226780099
2024-10-04,0.9046228707746629,1.678859418076728
2024-10-07,-0.9081461481495801,-1.2343257833825838
2024-10-08,0.9412989374939507,0.5749680347684194
2024-10-09,0.6902584366259568,0.9218763951454712
2024-10-10,-0.17515944258317262,-0.30634311241364287
2024-10-11,0.5970516819446381,1.910192726920945
2024-10-14,0.8144974640886815,0.6215861463341632
2024-10-15,-0.7799968636835963,0.21344645241780924
2024-10-16,0.4337078571955644,1.2290897865950168
2024-10-17,0.008567303132878124,0.27341694220361923
2024-10-18,0.38392071411914586,0.021007447389553846
2024-10-21,-0.16434483217908635,-0.8011786728871151
2024-10-22,-0.053133973930297174,-0.19070826708391664
2024-10-23,-0.9179426886507969,-0.08486137885288514
2024-10-24,0.21602843409755934,0.08486137885288514
2024-10-25,-0.03453277453662196,-1.108989065886945
2024-10-28,0.30867645929850696,1.2361627994438074
2024-10-29,0.16168706970498548,-0.6161712888002491
2024-10-30,-0.3029709804262204,0.4465758676337028
2024-10-31,-1.9797856315194373,-1.3887702142467262
2024-11-01,0.42115695767002137,0.3436433676897277
2024-11-04,-0.21561208735390025,-0.77485437066529
2024-11-05,1.2018971894755204,0.9248345910214617
2024-11-06,2.4561683531313605,5.902383515118492
2024-11-07,0.770242602775717,-1.6276924411887883
2024-11-08,0.43223871770354805,0.8985183548742004
2024-11-11,0.09523723239217574,1.4130256647646888
2024-11-12,-0.31111784923814056,-0.3011171345551844
2024-11-13,0.0485651515410801,0.06029600782055944
2024-11-14,-0.6450883465471513,-0.2615509210032396
2024-11-15,-1.2891236934423844,0.4622650074284973
2024-11-18,0.40890098644670303,0.30034119613917554
2024-11-19,0.3648712043249347,-0.6619359747805476
2024-11-20,0.03386364663642283,-0.3023152322831457
2024-11-21,0.5353983406051199,1.2636774912079485
2024-11-22,0.30946948639432037,1.110011036493841
2024-11-25,0.33863079232467896,0.6484020917601807
2024-11-26,0.5207896253581978,0.19566340078647215
2024-11-27,-0.30346597241051043,0.19527369005145623
2024-11-29,0.6192849565569425,0.15594182490006325
2024-12-02,0.17908603149043856,-0.9983460516139075
2024-12-03,0.04635721159145234,-0.7504003264116044
2024-12-04,0.6190403582256643,-0.3773146411016892
2024-12-05,-0.16469558453842126,0.2979986112779276
2024-12-06,0.18939443200673978,-0.019829157927597763
2024-12-09,-0.5163033532133987,-1.378526146705461
2024-12-10,-0.3113962224765565,-0.02010056020878004
2024-12-11,0.7700935315360091,0.20100433563237097
2024-12-12,-0.5165810693583239,-0.4427472224114215
2024-12-13,-0.019874435377698063,-0.08070837572979883
2024-12-16,0.42609954340724343,-0.18183828223152787
2024-12-17,-0.41286661647275125,-0.7103115809521832
2024-12-18,-3.0256623579941078,-3.039618087227014
2024-12-19,-0.030704645349466375,0.35628033688919203
2024-12-20,1.193933126116864,1.474432530218417
2024-12-23,0.5970360891119242,0.23985867899152247
2024-12-24,1.1053748206389713,1.170322388352929
2024-12-26,0.0066624416308336265,0.24465801907593843
2024-12-27,-1.0582308699819798,-0.7357532150878754
2024-12-30,-1.1477325916349201,-0.9687806615792383
2024-12-31,-0.364457913128291,0.103507651531487
2025-01-02,-0.24601731291777895,-0.24858730275951757
2025-01-03,1.2425951027439375,0.7851211856749529
2025-01-06,0.5744137498315816,-0.30919508046372
2025-01-07,-1.136839135071277,-0.22733880245171534
2025-01-08,0.14598728420853746,0.33052077970090465
2025-01-10,-1.538522989081681,-2.442469649781831
2025-01-13,0.1549346330506296,0.715952199200176
2025-01-14,0.13749835135961064,1.2303297400193536
2025-01-15,1.802652030354679,2.5172672417804964
2025-01-16,-0.19250258231098272,0.6647323385779558
2025-01-17,0.9989888126205493,0.8396553471501367
2025-01-21,0.9111841536098453,0.8326945025524779
2025-01-22,0.5605624445609081,-0.47497716050406424
2025-01-23,0.5443283116489006,0.5736285582070177
2025-01-24,-0.2923446107859107,0.2954251255283591
2025-01-27,-1.4246366989866033,1.0952582279034395
2025-01-28,0.8555640495708339,-0.17521593502358712
2025-01-29,-0.4493100917667192,-0.0779732453135118
2025-01-30,0.5352829859615937,0.9510064108236183
2025-01-31,-0.5336161731915645,-0.5811718985365477
2025-02-03,-0.6752291637566188,-0.4088401540407016
2025-02-04,0.668592614673269,-0.23437670006458688
2025-02-05,0.40464052650461824,1.0503998316667484
2025-02-06,0.34694855623236265,0.8285934134287132
2025-02-07,-0.919552865124551,-0.5580637898099816
2025-02-10,0.6768132786953984,-0.7943579331301631
2025-02-11,0.07601405909696268,0.2525572943727017
2025-02-12,-0.32265907611721545,-0.34984559607198484
2025-02-13,1.050212466938305,0.6598053143740401
2025-02-14,-0.004915336877786558,0.193234321774316
2025-02-18,0.29314663077091296,0.711742252498615
2025-02-19,0.23522760284260258,0.0383402962993884
2025-02-20,-0.41690424344764665,-1.544740872662942
2025-02-21,-1.7252150441072978,-1.2531992100662137
2025-02-24,-0.45606580502868255,0.43256739116617204
2025-02-25,-0.4985563759225542,-0.01962716254548802
2025-02-26,0.05045193024182382,-0.21609225704204427
2025-02-27,-1.6090694407467687,0.549132396442964
2025-02-28,1.5485199007902573,2.0327839535260406
2025-03-03,-1.7675268140930456,-0.846793550874958
2025-03-04,-1.1907507261229355,-3.580957831912013
2025-03-05,1.0690354858783557,0.579242833302196
2025-03-06,-1.7910329035776051,-1.6668624475578042
2025-03-07,0.5589106079687767,-0.5279196135249631
2025-03-10,-2.699659929296594,-2.2648644753596514
2025-03-11,-0.8347814223819583,-0.8574886347624489
2025-03-12,0.5292522932692556,0.1469148378247187
2025-03-13,-1.3419953983158095,-0.5467938680915552
2025-03-14,2.0445277681773177,2.293203844900038
2025-03-17,0.7681526477030687,1.167932327596688
2025-03-18,-1.0867062696459762,-0.12230403145929714
2025-03-19,1.0831797436465784,1.0953491224428902
2025-03-20,-0.28957726501657177,0.1411177422115717
2025-03-21,0.03297563774022905,-0.36328406584789086
2025-03-24,1.7750193730790897,1.7480066203506617
2025-03-25,0.24007823092286884,0.5567712552145831
2025-03-26,-1.2010067262382407,-0.29788805063573065
2025-03-27,-0.2659175998708463,-0.19908616370800658
2025-03-28,-2.0343823330424726,-1.9519699739177554
2025-03-31,0.6690341369994357,1.2118948791731476
2025-04-01,0.28204874356632104,-0.12053460300114338
2025-04-02,0.6308384306951353,0.8207386804201633
2025-04-03,-5.053641993379987,-5.049615478445801
2025-04-04,-6.0326675171205935,-7.599696000433331
2025-04-07,-0.17827202215734417,-0.24917608323931084
2025-04-08,-1.578679439578412,-0.38633095890445723
2025-04-09,9.986284608912044,7.265953835874761
2025-04-10,-4.4808164846050325,-2.8346246703835565
2025-04-11,1.768539500640376,1.6418623612123096
2025-04-14,0.9654795728337717,1.0232397733521914
2025-04-15,-0.28047392406680416,0.25418435292645647
2025-04-16,-2.2478915868915372,-1.5778697086586302
2025-04-17,0.14259098046638385,0.25758356988156983
2025-04-21,-2.4090503650422868,-2.166927305041
2025-04-22,2.568499541701641,3.2542392374386164
2025-04-23,1.5376643965653969,1.1804584282457675
2025-04-24,2.08305470155139,1.104518965725232
2025-04-25,0.7199174694128452,-0.47782178325581626
2025-04-28,0.0381229416225537,0.3118778873579142
2025-04-29,0.6279694536599045,1.0326421262384589
2025-04-30,0.03967340036314937,0.1847387059487282
2025-05-01,0.7061921549296635,-0.020498200083496343
2025-05-02,1.4735143881567936,2.050616266609584
2025-05-05,-0.575079865633743,-0.6451603034712594
2025-05-06,-0.8393668386905695,-0.5679519590256366
2025-05-07,0.41968397269700475,0.588179776652531
2025-05-08,0.6943627636357697,0.8256973664301004
2025-05-09,-0.12749277843102647,0.0
2025-05-12,3.2513073241944745,2.005427186612252
2025-05-13,0.6582229834052988,0.41197418578811096
2025-05-14,0.12771384418934772,-0.2744633248967343
2025-05-15,0.48724526983479066,0.6652376070181099
2025-05-16,0.6314102279206146,0.6027054694543565
2025-05-19,0.10932163119026228,0.058128451699923644
2025-05-20,-0.33677927027300214,-0.5438935095329889
2025-05-21,-1.6994383379737243,-2.066396875277343
2025-05-22,0.03945692246958288,-0.11938346225370822
2025-05-23,-0.6849289817504989,-0.35898470256232606
2025-05-27,2.0577493615418163,1.7429585321865115
2025-05-28,-0.5802215424402846,-0.6698169189284897
2025-05-29,0.3939716947836125,0.5126120618651253
2025-05-30,-0.11192921280187562,0.21608637158148092
2025-06-02,0.5617305162378017,0.03923762329622882
2025-06-03,0.5686288008742046,0.1959726763498537
2025-06-04,-0.02683763078676904,-0.5693493615238854
2025-06-05,-0.48445882397398776,-0.2760249540933124
2025-06-06,1.021661208921465,1.2361485977385733
2025-06-09,0.09008769765985747,-0.5475247250473547
2025-06-10,0.5653754979559444,0.11758965439638835
2025-06-11,-0.2856194072335505,-0.11758965439638835
2025-06-12,0.3966452380753438,0.0
2025-06-13,-1.1242927662180158,-2.060288306803626
2025-06-16,0.946911814478657,1.134454928320272
2025-06-17,-0.8581750648374964,-0.5755721084703236
2025-06-18,-0.015075043315082581,-0.03982339257393441
2025-06-20,-0.2351194621375896,0.27839282295802903
2025-06-23,0.982881092575294,1.2514044741788855
2025-06-24,1.0986736854918355,1.4844012252303251
2025-06-25,0.05601062999573969,-0.3301280250010308
2025-06-26,0.7793534795984769,0.7364369206769084
2025-06-27,0.49560298346520426,0.28920259877498466
2025-06-30,0.4769712304524276,0.824476309676081
2025-07-01,-0.03236320793869041,0.5522300019007442
2025-07-02,0.4523032166476426,-0.07599010807601836
2025-07-03,0.7850588492424926,1.0774125735413254
2025-07-07,-0.7480020512419472,-0.9634563827930709
2025-07-08,-0.054786626906544456,-0.8961839151194528
2025-07-09,0.5978718557821949,0.36326152475454343
2025-07-10,0.28162422498709816,0.5898591489533089
2025-07-11,-0.35215191372728327,-1.0489254124845804
2025-07-14,0.19063975979420889,0.744914339659486
2025-07-15,-0.4282421636416345,-1.727482289167348
2025-07-16,0.33376150794746096,0.6945720966602398
2025-07-17,0.6101040721242512,0.9567609560261037
2025-07-18,-0.07326812474746092,0.05712103670507673
2025-07-21,0.18943796948640568,-0.28590991941293
2025-07-22,0.014311092236773959,0.5520124334255527
2025-07-23,0.8471458892609363,0.7941069175222193
2025-07-24,0.033109479142545695,-0.05651118871554672
2025-07-25,0.42153555099133655,0.6947685795582803
2025-07-28,-0.025103506196888503,-0.6947685795582803
2025-07-29,-0.2641133326156897,-0.5100575667225549
2025-07-30,-0.1260124634700155,-0.18957916298831812
2025-07-31,-0.37582800219579937,-0.6281550836687799
2025-08-01,-1.6526177634515804,-1.8695660137745485
2025-08-04,1.508535538485578,0.9873234928253094
2025-08-05,-0.5082764440420995,-0.4053677300537295
2025-08-06,0.7630493093452984,0.48239679393398127
2025-08-07,-0.08379749990243823,-1.1227483640541713
2025-08-08,0.7767328747427804,0.9300643372737394
2025-08-11,-0.19794975605833542,-0.038581398012071944
2025-08-12,1.0589747830358043,1.2081869326440398
2025-08-13,0.3417301824057972,0.5702303366766248
2025-08-14,0.009305657202052231,0.47272787037706543
2025-08-15,-0.23440349614380906,-1.0429582070536902
2025-08-18,-0.02175594393598601,0.07622178656938594
2025-08-19,-0.5439995209500559,0.1902933370969695
2025-08-20,-0.2660619942930431,0.5119920131119837
2025-08-21,-0.4019891234610107,-0.3220601038921078
2025-08-22,1.524006767331798,1.6373770125403198
2025-08-25,-0.4410775275590417,-0.5803621740706699
2025-08-26,0.41782951046389627,0.7668509700925252
2025-08-27,0.2275921406956094,0.2047489889629439
2025-08-28,0.35352017266330193,0.13008274217543025
2025-08-29,-0.5981630225623036,0.2596446363862803
2025-09-02,-0.743788819356439,-0.7436438936281764
2025-09-03,0.5404926745351091,-0.1680771599519737
2025-09-04,0.8322820718337454,1.0412910010798804
2025-09-05,-0.2900635192256473,-1.8482753938756868
2025-09-08,0.2453814377465946,0.0753460029078834
2025-09-09,0.23090625859198965,0.43213041059533275
2025-09-10,0.2886683795347622,-0.3380313008481739
2025-09-11,0.8275831003020429,1.6233157561612366
2025-09-12,-0.03346689385486101,-0.4265928828160348
2025-09-15,0.530992342128922,-0.2232969157505149
2025-09-16,-0.13778345688111315,-0.2237966469688324
2025-09-17,-0.12432077551656207,0.9661982987416717
2025-09-18,0.4661563154354731,0.09240495286184647
2025-09-19,0.49406496408188616,0.22144263138694775
2025-09-22,0.47198519222897417,-0.1332484987918381
2025-09-23,-0.5458344535399284,-0.4454364345670925
2025-09-24,-0.3186705609681262,-0.27940602721927554
2025-09-25,-0.4624172513464586,-0.26148470934548307
2025-09-26,0.5712795234045664,0.7267334147425419
2025-09-29,0.28064247447199264,0.5000497841145091
2025-09-30,0.37597898827215204,-0.48148449781058034
2025-10-01,0.34017768166521023,-0.8950302140622313
2025-10-02,0.11510488920176698,-0.07494270154202454
2025-10-03,-0.0014767471260057619,0.6911382294187085
2025-10-06,0.3579813724412517,-0.03723772627268751
2025-10-07,-0.3714382034843311,0.1302714212367384
2025-10-08,0.5945343779222512,-0.4847159427030956
2025-10-09,-0.2901212830195732,-0.35570530074209294
2025-10-10,-2.7399797306961737,-2.199556037088435
2025-10-13,1.5227544895200396,0.9540271722514149
2025-10-14,-0.1222401631992831,1.0953830400857623
2025-10-15,0.4429789843934273,0.0
2025-10-16,-0.6833556176281341,-2.8192442860461853
2025-10-17,0.5660250871856398,0.808171015029302
2025-10-20,1.0346762560389244,1.1622501152358744
2025-10-21,-0.001499603245225245,-0.11372470224157993
2025-10-22,-0.5212376827340215,-0.5705569575260583
2025-10-23,0.5912378583532885,0.20958043873724463
2025-10-24,0.813935648856301,1.0790437973568157
2025-10-27,1.1728661579555322,0.41337969298624877
2025-10-28,0.2652478024378624,-0.6395785560420642
2025-10-29,0.048018239278579955,-1.7130259234413359
2025-10-30,-1.105907164752562,0.26840283034541557
2025-10-31,0.32749122269395414,0.2676843575232457
2025-11-03,0.18749283108574488,-0.42096601777728004
2025-11-04,-1.1924353295924561,0.5163968072448011
2025-11-05,0.3459398571761696,0.3427914257068565
2025-11-06,-1.0787307565268023,-0.3618629578106436
2025-11-07,0.0984023271633383,0.7034833370063609
2025-11-10,1.548393751028776,0.3593453253315726
2025-11-11,0.22865335909525442,0.45205745963312616
2025-11-12,0.05562438741302245,0.860778674532181
2025-11-13,-1.6733244574677286,-1.29396620739044
2025-11-14,-0.01635994812492214,-1.0054122665296372
2025-11-17,-0.936019418834011,-1.924987077994622
2025-11-18,-0.8432917870575984,-0.15561476160357302
2025-11-19,0.38557567903252377,0.3691904251727607
2025-11-20,-1.5359695168779552,-0.8766022928832218
2025-11-21,0.9911937023691308,1.089707889389091
2025-11-24,1.461124108619405,0.4248832536409175
2025-11-25,0.9361939618760751,1.2448707856034247
2025-11-26,0.6879854447598532,0.7773290459358151
2025-11-28,0.5443563227393255,0.7150944444072493
2025-12-01,-0.4575868940384531,-0.8284753094109476
2025-12-02,0.18504960496885658,-0.09458235284673933
2025-12-03,0.34567862174261776,1.3347355600007216
2025-12-04,0.07307890626133684,0.20520872838791782
2025-12-05,0.18977350040128016,0.03725830937622021
2025-12-08,-0.30087994153351616,-0.3732740054403383
2025-12-09,-0.08635176910702924,-0.37467256235106383
2025-12-10,0.6610371282859795,1.1383908138810295
2025-12-11,0.23242449793094977,1.8021810264003957
2025-12-12,-1.0810279077722917,0.14569576497116543
2025-12-15,-0.15119402890508837,0.07276835751648392
2025-12-16,-0.2736037133593605,-0.6385187197621711
2025-12-17,-1.1064607732192755,-0.01829659289160901
2025-12-18,0.7522963990016507,-0.16488364870599348
2025-12-19,0.902261895801626,0.548544153937458
2025-12-22,0.6210566721978061,1.220365598021278
2025-12-23,0.4560042005283371,0.1986430913789583
2025-12-24,0.35114479496591855,0.5397637318107051
2025-12-26,-0.01014201750946242,-0.19757961321849038
2025-12-29,-0.35699930558568127,-0.5408272099711731
2025-12-30,-0.12218468855627052,-0.25339746100625504
2025-12-31,-0.7436550096273642,-0.7457943249103316
